no.blocks,heuristic,mb_cost_per_iteration
10,HEURISTIC.LAZY,108.79974807778866
10,HEURISTIC.LAZY,182.19182470157835
10,HEURISTIC.LAZY,194.11312745410862
10,HEURISTIC.LAZY,194.1316285334739
10,HEURISTIC.LAZY,194.29727349826396
10,HEURISTIC.LAZY,182.23851994609203
10,HEURISTIC.LAZY,194.2269041062188
10,HEURISTIC.LAZY,194.25322435052507
10,HEURISTIC.LAZY,194.40978782024655
10,HEURISTIC.LAZY,182.1145795806117
10,HEURISTIC.LAZY,194.20845320540138
10,HEURISTIC.LAZY,194.2445438784262
10,HEURISTIC.LAZY,194.39001543175124
10,HEURISTIC.LAZY,194.9667015023653
10,HEURISTIC.LAZY,183.04316585589368
10,HEURISTIC.LAZY,182.4397060563516
10,HEURISTIC.LAZY,195.1282397669955
10,HEURISTIC.LAZY,195.236122807021
10,HEURISTIC.LAZY,195.2976625679231
10,HEURISTIC.LAZY,183.044329398735
10,HEURISTIC.LAZY,183.03521288426458
10,HEURISTIC.LAZY,167.15814670729046
10,HEURISTIC.LAZY,182.91722919767398
10,HEURISTIC.LAZY,182.92777484019138
10,HEURISTIC.LAZY,182.5860526696046
10,HEURISTIC.LAZY,194.82022249098014
10,HEURISTIC.LAZY,194.8387235703454
10,HEURISTIC.LAZY,195.00436853513543
10,HEURISTIC.LAZY,182.95317902682035
10,HEURISTIC.LAZY,182.63145188831868
10,HEURISTIC.LAZY,194.93140709149105
10,HEURISTIC.LAZY,194.95772733579733
10,HEURISTIC.LAZY,195.1142908055188
10,HEURISTIC.LAZY,182.49106343617927
10,HEURISTIC.LAZY,194.88006001735553
10,HEURISTIC.LAZY,194.91615069038033
10,HEURISTIC.LAZY,195.06162224370541
10,HEURISTIC.LAZY,182.94204905578286
10,HEURISTIC.LAZY,182.95897356345392
10,HEURISTIC.LAZY,182.79826824982644
10,HEURISTIC.LAZY,195.7640032547641
10,HEURISTIC.LAZY,195.8718862947896
10,HEURISTIC.LAZY,195.9334260556917
10,HEURISTIC.LAZY,182.90868695270876
10,HEURISTIC.LAZY,182.9137894273906
10,HEURISTIC.LAZY,182.88928783362672
10,HEURISTIC.LAZY,167.121993863174
10,HEURISTIC.LAZY,204.29212826392484
10,HEURISTIC.LAZY,183.08812217718446
10,HEURISTIC.LAZY,204.59413166893273
10,HEURISTIC.LAZY,183.0744498905633
10,HEURISTIC.LAZY,183.12801235103956
10,HEURISTIC.LAZY,182.9468477790908
10,HEURISTIC.LAZY,195.15048558119315
10,HEURISTIC.LAZY,195.16898666055843
10,HEURISTIC.LAZY,195.3346316253485
10,HEURISTIC.LAZY,183.08796844900706
10,HEURISTIC.LAZY,183.13386528160083
10,HEURISTIC.LAZY,182.991523597502
10,HEURISTIC.LAZY,195.26022338109846
10,HEURISTIC.LAZY,195.28654362540473
10,HEURISTIC.LAZY,182.84343977918724
10,HEURISTIC.LAZY,195.1934855746121
10,HEURISTIC.LAZY,195.22957624763694
10,HEURISTIC.LAZY,195.37504780096197
10,HEURISTIC.LAZY,183.0585349870928
10,HEURISTIC.LAZY,183.08236138976025
10,HEURISTIC.LAZY,205.7099023762499
10,HEURISTIC.LAZY,183.05372236315708
10,HEURISTIC.LAZY,205.7878060815858
10,HEURISTIC.LAZY,183.14157710594577
10,HEURISTIC.LAZY,196.05929383824346
10,HEURISTIC.LAZY,162.59014373475884
10,HEURISTIC.LAZY,187.04805277272996
10,HEURISTIC.LAZY,187.1351585352789
10,HEURISTIC.LAZY,187.37943105767187
10,HEURISTIC.LAZY,187.6172211914332
10,HEURISTIC.LAZY,187.622087772248
10,HEURISTIC.LAZY,188.14814001074757
10,HEURISTIC.LAZY,188.1729337978293
10,HEURISTIC.LAZY,188.26680518807777
10,HEURISTIC.LAZY,172.9400870769041
10,HEURISTIC.LAZY,187.068135693672
10,HEURISTIC.LAZY,187.13102352708236
10,HEURISTIC.LAZY,187.4034543233226
10,HEURISTIC.LAZY,187.61233052608895
10,HEURISTIC.LAZY,187.64616943182642
10,HEURISTIC.LAZY,188.14717798656312
10,HEURISTIC.LAZY,188.1906957016305
10,HEURISTIC.LAZY,188.28042965903967
10,HEURISTIC.LAZY,173.5049241000692
10,HEURISTIC.LAZY,187.65874394115372
10,HEURISTIC.LAZY,187.84212310633973
10,HEURISTIC.LAZY,187.9745147157212
10,HEURISTIC.LAZY,188.21605831055797
10,HEURISTIC.LAZY,188.32603157248627
10,HEURISTIC.LAZY,188.78822827937773
10,HEURISTIC.LAZY,188.83824558147285
10,HEURISTIC.LAZY,188.89748474891968
10,HEURISTIC.LAZY,172.88178075969643
10,HEURISTIC.LAZY,187.25647229804179
10,HEURISTIC.LAZY,187.31100218052467
10,HEURISTIC.LAZY,187.5936126173682
10,HEURISTIC.LAZY,187.79215628130112
10,HEURISTIC.LAZY,187.8363165036322
10,HEURISTIC.LAZY,188.3278051314893
10,HEURISTIC.LAZY,188.3778365175567
10,HEURISTIC.LAZY,188.46581865102138
10,HEURISTIC.LAZY,173.8790110990409
10,HEURISTIC.LAZY,188.53956177024403
10,HEURISTIC.LAZY,188.8112331496527
10,HEURISTIC.LAZY,188.8400839330343
10,HEURISTIC.LAZY,189.07952670627603
10,HEURISTIC.LAZY,189.29456175582501
10,HEURISTIC.LAZY,189.66787209689903
10,HEURISTIC.LAZY,189.78644309173268
10,HEURISTIC.LAZY,189.790382871324
10,HEURISTIC.LAZY,172.90367211883495
10,HEURISTIC.LAZY,187.85669777396404
10,HEURISTIC.LAZY,187.94512132612917
10,HEURISTIC.LAZY,188.19059554541099
10,HEURISTIC.LAZY,188.42774176708022
10,HEURISTIC.LAZY,188.43330494242576
10,HEURISTIC.LAZY,188.95570945017025
10,HEURISTIC.LAZY,188.98044828328733
10,HEURISTIC.LAZY,189.07277031186595
10,HEURISTIC.LAZY,173.98773963468744
10,HEURISTIC.LAZY,188.9406059843563
10,HEURISTIC.LAZY,189.23453703038163
10,HEURISTIC.LAZY,189.24952907746186
10,HEURISTIC.LAZY,189.47284447084456
10,HEURISTIC.LAZY,189.73185258420983
10,HEURISTIC.LAZY,190.0670334285626
10,HEURISTIC.LAZY,190.1948149038921
10,HEURISTIC.LAZY,190.21419079152054
10,HEURISTIC.LAZY,173.9684090343374
10,HEURISTIC.LAZY,189.16626068568465
10,HEURISTIC.LAZY,189.45727729987698
10,HEURISTIC.LAZY,189.49411743525314
10,HEURISTIC.LAZY,189.69506708851532
10,HEURISTIC.LAZY,189.9756708319319
10,HEURISTIC.LAZY,190.29160378494262
10,HEURISTIC.LAZY,190.42169680032174
10,HEURISTIC.LAZY,190.4526130350153
10,HEURISTIC.LAZY,173.66406012073463
10,HEURISTIC.LAZY,189.1623575653715
10,HEURISTIC.LAZY,189.45896924849495
10,HEURISTIC.LAZY,189.47223397789946
10,HEURISTIC.LAZY,189.69785753478044
10,HEURISTIC.LAZY,189.95413526779015
10,HEURISTIC.LAZY,190.28953504673206
10,HEURISTIC.LAZY,190.41566950441867
10,HEURISTIC.LAZY,190.43414005832008
10,HEURISTIC.LAZY,166.38249873970716
10,HEURISTIC.LAZY,193.8465020332705
10,HEURISTIC.LAZY,193.86500311263578
10,HEURISTIC.LAZY,194.03064807742584
10,HEURISTIC.LAZY,194.5812814775561
10,HEURISTIC.LAZY,194.65900231476803
10,HEURISTIC.LAZY,182.5276507145463
10,HEURISTIC.LAZY,193.96108284913765
10,HEURISTIC.LAZY,193.9874030934439
10,HEURISTIC.LAZY,194.14396656316535
10,HEURISTIC.LAZY,194.70609294985422
10,HEURISTIC.LAZY,194.77165320510835
10,HEURISTIC.LAZY,182.41013130291515
10,HEURISTIC.LAZY,193.95547385601859
10,HEURISTIC.LAZY,193.9915645290434
10,HEURISTIC.LAZY,194.13703608236847
10,HEURISTIC.LAZY,194.71372215298254
10,HEURISTIC.LAZY,194.76402851163778
10,HEURISTIC.LAZY,182.741851393775
10,HEURISTIC.LAZY,194.88844764785256
10,HEURISTIC.LAZY,194.99633068787801
10,HEURISTIC.LAZY,195.05787044878016
10,HEURISTIC.LAZY,162.33574099966876
10,HEURISTIC.LAZY,186.5392473025498
10,HEURISTIC.LAZY,186.62635306509873
10,HEURISTIC.LAZY,186.8706255874917
10,HEURISTIC.LAZY,187.10841572125304
10,HEURISTIC.LAZY,187.11328230206783
10,HEURISTIC.LAZY,187.6393345405674
10,HEURISTIC.LAZY,187.66412832764914
10,HEURISTIC.LAZY,187.7579997178976
10,HEURISTIC.LAZY,173.41951675529106
10,HEURISTIC.LAZY,187.03652303142795
10,HEURISTIC.LAZY,187.21990219661393
10,HEURISTIC.LAZY,187.35229380599543
10,HEURISTIC.LAZY,187.5938374008322
10,HEURISTIC.LAZY,187.70381066276047
10,HEURISTIC.LAZY,188.16600736965194
10,HEURISTIC.LAZY,188.2160246717471
10,HEURISTIC.LAZY,188.2752638391939
10,HEURISTIC.LAZY,172.93619336529457
10,HEURISTIC.LAZY,186.60894205028342
10,HEURISTIC.LAZY,186.6718298836938
10,HEURISTIC.LAZY,186.94426067993402
10,HEURISTIC.LAZY,187.15313688270038
10,HEURISTIC.LAZY,187.18697578843785
10,HEURISTIC.LAZY,187.68798434317455
10,HEURISTIC.LAZY,187.73150205824192
10,HEURISTIC.LAZY,187.8212360156511
10,HEURISTIC.LAZY,172.89569537969842
10,HEURISTIC.LAZY,186.8328953178763
10,HEURISTIC.LAZY,186.8874252003592
10,HEURISTIC.LAZY,187.17003563720272
10,HEURISTIC.LAZY,187.36857930113564
10,HEURISTIC.LAZY,187.4127395234667
10,HEURISTIC.LAZY,187.90422815132382
10,HEURISTIC.LAZY,187.9542595373912
10,HEURISTIC.LAZY,188.0422416708559
10,HEURISTIC.LAZY,173.77634946358685
10,HEURISTIC.LAZY,187.8828322791665
10,HEURISTIC.LAZY,188.1545036585752
10,HEURISTIC.LAZY,188.18335444195674
10,HEURISTIC.LAZY,188.4227972151985
10,HEURISTIC.LAZY,188.6378322647475
10,HEURISTIC.LAZY,189.01114260582153
10,HEURISTIC.LAZY,189.12971360065512
10,HEURISTIC.LAZY,189.13365338024647
10,HEURISTIC.LAZY,173.8860179970901
10,HEURISTIC.LAZY,188.28575648899215
10,HEURISTIC.LAZY,188.57968753501748
10,HEURISTIC.LAZY,188.5946795820977
10,HEURISTIC.LAZY,188.81799497548042
10,HEURISTIC.LAZY,189.0770030888457
10,HEURISTIC.LAZY,189.41218393319846
10,HEURISTIC.LAZY,189.53996540852796
10,HEURISTIC.LAZY,189.5593412961564
10,HEURISTIC.LAZY,172.92340531015782
10,HEURISTIC.LAZY,187.4447579364403
10,HEURISTIC.LAZY,187.53318148860544
10,HEURISTIC.LAZY,187.77865570788725
10,HEURISTIC.LAZY,188.0158019295565
10,HEURISTIC.LAZY,188.02136510490203
10,HEURISTIC.LAZY,188.5437696126465
10,HEURISTIC.LAZY,188.5685084457636
10,HEURISTIC.LAZY,188.66083047434222
10,HEURISTIC.LAZY,173.87522249956442
10,HEURISTIC.LAZY,188.52848139596915
10,HEURISTIC.LAZY,188.8194980101615
10,HEURISTIC.LAZY,188.85633814553768
10,HEURISTIC.LAZY,189.05728779879982
10,HEURISTIC.LAZY,189.3378915422164
10,HEURISTIC.LAZY,189.65382449522713
10,HEURISTIC.LAZY,189.78391751060624
10,HEURISTIC.LAZY,189.81483374529984
10,HEURISTIC.LAZY,173.60266106478156
10,HEURISTIC.LAZY,188.58815323329588
10,HEURISTIC.LAZY,188.88476491641933
10,HEURISTIC.LAZY,188.89802964582384
10,HEURISTIC.LAZY,189.12365320270482
10,HEURISTIC.LAZY,189.37993093571453
10,HEURISTIC.LAZY,189.71533071465643
10,HEURISTIC.LAZY,189.84146517234305
10,HEURISTIC.LAZY,189.85993572624446
10,HEURISTIC.LAZY,167.1086657728572
10,HEURISTIC.LAZY,204.26547208329117
10,HEURISTIC.LAZY,183.36641523533598
10,HEURISTIC.LAZY,204.57685854344493
10,HEURISTIC.LAZY,183.3443849977873
10,HEURISTIC.LAZY,183.40812709886688
10,HEURISTIC.LAZY,183.35775065800092
10,HEURISTIC.LAZY,183.41396880718827
10,HEURISTIC.LAZY,183.37620605223796
10,HEURISTIC.LAZY,195.43534288569668
10,HEURISTIC.LAZY,195.45384396506194
10,HEURISTIC.LAZY,183.4200917279229
10,HEURISTIC.LAZY,195.54350040014947
10,HEURISTIC.LAZY,183.26437233086773
10,HEURISTIC.LAZY,195.46149143618229
10,HEURISTIC.LAZY,195.4975821092071
10,HEURISTIC.LAZY,183.32911858580064
10,HEURISTIC.LAZY,183.35945865946815
10,HEURISTIC.LAZY,205.6902376738749
10,HEURISTIC.LAZY,183.32906780892048
10,HEURISTIC.LAZY,205.76463773132184
10,HEURISTIC.LAZY,183.55316377955054
10,HEURISTIC.LAZY,166.3710684598013
10,HEURISTIC.LAZY,193.8236414734588
10,HEURISTIC.LAZY,193.84214255282407
10,HEURISTIC.LAZY,194.00778751761413
10,HEURISTIC.LAZY,194.5584209177444
10,HEURISTIC.LAZY,194.63614175495633
10,HEURISTIC.LAZY,182.814636685572
10,HEURISTIC.LAZY,193.93813175298203
10,HEURISTIC.LAZY,193.96445199728828
10,HEURISTIC.LAZY,194.12101546700973
10,HEURISTIC.LAZY,194.6831418536986
10,HEURISTIC.LAZY,194.74870210895273
10,HEURISTIC.LAZY,182.69653190459042
10,HEURISTIC.LAZY,193.93135202116216
10,HEURISTIC.LAZY,193.96744269418696
10,HEURISTIC.LAZY,194.11291424751204
10,HEURISTIC.LAZY,194.6896003181261
10,HEURISTIC.LAZY,194.73990667678135
10,HEURISTIC.LAZY,183.02796359710882
10,HEURISTIC.LAZY,194.86374901631322
10,HEURISTIC.LAZY,194.9716320563387
10,HEURISTIC.LAZY,195.03317181724083
10,HEURISTIC.LAZY,163.20383083922124
10,HEURISTIC.LAZY,188.27542698165473
10,HEURISTIC.LAZY,188.36253274420366
10,HEURISTIC.LAZY,188.6068052665966
10,HEURISTIC.LAZY,188.84459540035797
10,HEURISTIC.LAZY,188.84946198117277
10,HEURISTIC.LAZY,189.37551421967234
10,HEURISTIC.LAZY,189.40030800675407
10,HEURISTIC.LAZY,189.49417939700254
10,HEURISTIC.LAZY,174.04105385405046
10,HEURISTIC.LAZY,188.19061453867988
10,HEURISTIC.LAZY,188.25350237209028
10,HEURISTIC.LAZY,188.52593316833054
10,HEURISTIC.LAZY,188.7348093710969
10,HEURISTIC.LAZY,188.76864827683437
10,HEURISTIC.LAZY,189.26965683157104
10,HEURISTIC.LAZY,189.31317454663838
10,HEURISTIC.LAZY,189.40290850404756
10,HEURISTIC.LAZY,173.9421607197067
10,HEURISTIC.LAZY,188.29777750877753
10,HEURISTIC.LAZY,188.3523073912604
10,HEURISTIC.LAZY,188.63491782810394
10,HEURISTIC.LAZY,188.83346149203686
10,HEURISTIC.LAZY,188.87762171436793
10,HEURISTIC.LAZY,189.36911034222504
10,HEURISTIC.LAZY,189.41914172829243
10,HEURISTIC.LAZY,189.50712386175712
10,HEURISTIC.LAZY,174.7776491800294
10,HEURISTIC.LAZY,189.1247393917894
10,HEURISTIC.LAZY,189.3081185569754
10,HEURISTIC.LAZY,189.4405101663569
10,HEURISTIC.LAZY,189.68205376119366
10,HEURISTIC.LAZY,189.79202702312193
10,HEURISTIC.LAZY,190.2542237300134
10,HEURISTIC.LAZY,190.30424103210856
10,HEURISTIC.LAZY,190.36348019955537
10,HEURISTIC.LAZY,173.9387172047772
10,HEURISTIC.LAZY,188.8473332365637
10,HEURISTIC.LAZY,188.93575678872884
10,HEURISTIC.LAZY,189.18123100801066
10,HEURISTIC.LAZY,189.4183772296799
10,HEURISTIC.LAZY,189.42394040502543
10,HEURISTIC.LAZY,189.94634491276992
10,HEURISTIC.LAZY,189.97108374588703
10,HEURISTIC.LAZY,190.0634057744656
10,HEURISTIC.LAZY,175.18404097411417
10,HEURISTIC.LAZY,190.07016681110585
10,HEURISTIC.LAZY,190.34183819051452
10,HEURISTIC.LAZY,190.3706889738961
10,HEURISTIC.LAZY,190.61013174713784
10,HEURISTIC.LAZY,190.82516679668683
10,HEURISTIC.LAZY,191.19847713776085
10,HEURISTIC.LAZY,191.3170481325945
10,HEURISTIC.LAZY,191.3209879121858
10,HEURISTIC.LAZY,175.28475937223465
10,HEURISTIC.LAZY,190.45519075016597
10,HEURISTIC.LAZY,190.7491217961913
10,HEURISTIC.LAZY,190.76411384327153
10,HEURISTIC.LAZY,190.98742923665424
10,HEURISTIC.LAZY,191.2464373500195
10,HEURISTIC.LAZY,191.58161819437228
10,HEURISTIC.LAZY,191.70939966970178
10,HEURISTIC.LAZY,191.7287755573302
10,HEURISTIC.LAZY,175.23875133820047
10,HEURISTIC.LAZY,190.62749058412598
10,HEURISTIC.LAZY,190.9185071983183
10,HEURISTIC.LAZY,190.95534733369448
10,HEURISTIC.LAZY,191.15629698695665
10,HEURISTIC.LAZY,191.43690073037322
10,HEURISTIC.LAZY,191.75283368338395
10,HEURISTIC.LAZY,191.88292669876307
10,HEURISTIC.LAZY,191.91384293345664
10,HEURISTIC.LAZY,174.8526198584276
10,HEURISTIC.LAZY,190.46002233147266
10,HEURISTIC.LAZY,190.7566340145961
10,HEURISTIC.LAZY,190.7698987440006
10,HEURISTIC.LAZY,190.9955223008816
10,HEURISTIC.LAZY,191.2518000338913
10,HEURISTIC.LAZY,191.5871998128332
10,HEURISTIC.LAZY,191.71333427051982
10,HEURISTIC.LAZY,191.73180482442123
10,HEURISTIC.LAZY,163.18817490974922
10,HEURISTIC.LAZY,188.24411512271072
10,HEURISTIC.LAZY,188.33122088525965
10,HEURISTIC.LAZY,188.57549340765263
10,HEURISTIC.LAZY,188.81328354141397
10,HEURISTIC.LAZY,188.81815012222876
10,HEURISTIC.LAZY,189.34420236072833
10,HEURISTIC.LAZY,189.36899614781007
10,HEURISTIC.LAZY,189.46286753805853
10,HEURISTIC.LAZY,174.07918144908234
10,HEURISTIC.LAZY,188.15779945286334
10,HEURISTIC.LAZY,188.22068728627372
10,HEURISTIC.LAZY,188.49311808251394
10,HEURISTIC.LAZY,188.7019942852803
10,HEURISTIC.LAZY,188.73583319101778
10,HEURISTIC.LAZY,189.23684174575448
10,HEURISTIC.LAZY,189.28035946082184
10,HEURISTIC.LAZY,189.37009341823102
10,HEURISTIC.LAZY,173.97987588987712
10,HEURISTIC.LAZY,188.264137573238
10,HEURISTIC.LAZY,188.31866745572088
10,HEURISTIC.LAZY,188.60127789256444
10,HEURISTIC.LAZY,188.79982155649733
10,HEURISTIC.LAZY,188.84398177882838
10,HEURISTIC.LAZY,189.33547040668552
10,HEURISTIC.LAZY,189.3855017927529
10,HEURISTIC.LAZY,189.4734839262176
10,HEURISTIC.LAZY,174.81899700220134
10,HEURISTIC.LAZY,189.09836476025288
10,HEURISTIC.LAZY,189.2817439254389
10,HEURISTIC.LAZY,189.41413553482036
10,HEURISTIC.LAZY,189.65567912965713
10,HEURISTIC.LAZY,189.76565239158543
10,HEURISTIC.LAZY,190.2278490984769
10,HEURISTIC.LAZY,190.277866400572
10,HEURISTIC.LAZY,190.33710556801884
10,HEURISTIC.LAZY,173.97624408814625
10,HEURISTIC.LAZY,188.81331672742144
10,HEURISTIC.LAZY,188.90174027958656
10,HEURISTIC.LAZY,189.14721449886838
10,HEURISTIC.LAZY,189.38436072053761
10,HEURISTIC.LAZY,189.38992389588316
10,HEURISTIC.LAZY,189.91232840362764
10,HEURISTIC.LAZY,189.93706723674472
10,HEURISTIC.LAZY,190.02938926532335
10,HEURISTIC.LAZY,175.22604323720225
10,HEURISTIC.LAZY,190.0451010614016
10,HEURISTIC.LAZY,190.31677244081027
10,HEURISTIC.LAZY,190.34562322419185
10,HEURISTIC.LAZY,190.5850659974336
10,HEURISTIC.LAZY,190.80010104698258
10,HEURISTIC.LAZY,191.1734113880566
10,HEURISTIC.LAZY,191.29198238289024
10,HEURISTIC.LAZY,191.29592216248156
10,HEURISTIC.LAZY,175.32641315669093
10,HEURISTIC.LAZY,190.42942804319816
10,HEURISTIC.LAZY,190.7233590892235
10,HEURISTIC.LAZY,190.73835113630372
10,HEURISTIC.LAZY,190.96166652968643
10,HEURISTIC.LAZY,191.22067464305167
10,HEURISTIC.LAZY,191.55585548740447
10,HEURISTIC.LAZY,191.68363696273397
10,HEURISTIC.LAZY,191.70301285036243
10,HEURISTIC.LAZY,175.2796115166023
10,HEURISTIC.LAZY,190.6001406650493
10,HEURISTIC.LAZY,190.89115727924167
10,HEURISTIC.LAZY,190.92799741461783
10,HEURISTIC.LAZY,191.12894706787998
10,HEURISTIC.LAZY,191.40955081129655
10,HEURISTIC.LAZY,191.72548376430728
10,HEURISTIC.LAZY,191.8555767796864
10,HEURISTIC.LAZY,191.88649301438
10,HEURISTIC.LAZY,174.89167306750315
10,HEURISTIC.LAZY,190.42905847374337
10,HEURISTIC.LAZY,190.72567015686684
10,HEURISTIC.LAZY,190.73893488627135
10,HEURISTIC.LAZY,190.9645584431523
10,HEURISTIC.LAZY,191.22083617616198
10,HEURISTIC.LAZY,191.5562359551039
10,HEURISTIC.LAZY,191.68237041279053
10,HEURISTIC.LAZY,191.70084096669194
10,HEURISTIC.LAZY,162.28235625072202
10,HEURISTIC.LAZY,186.43247780465632
10,HEURISTIC.LAZY,186.51958356720525
10,HEURISTIC.LAZY,186.76385608959822
10,HEURISTIC.LAZY,187.00164622335956
10,HEURISTIC.LAZY,187.00651280417435
10,HEURISTIC.LAZY,187.53256504267392
10,HEURISTIC.LAZY,187.55735882975566
10,HEURISTIC.LAZY,187.65123022000412
10,HEURISTIC.LAZY,173.8190194471864
10,HEURISTIC.LAZY,186.93177828681175
10,HEURISTIC.LAZY,187.11515745199773
10,HEURISTIC.LAZY,187.24754906137923
10,HEURISTIC.LAZY,187.489092656216
10,HEURISTIC.LAZY,187.59906591814428
10,HEURISTIC.LAZY,188.06126262503574
10,HEURISTIC.LAZY,188.1112799271309
10,HEURISTIC.LAZY,188.1705190945777
10,HEURISTIC.LAZY,173.33847409647308
10,HEURISTIC.LAZY,186.50975338423353
10,HEURISTIC.LAZY,186.5726412176439
10,HEURISTIC.LAZY,186.84507201388413
10,HEURISTIC.LAZY,187.0539482166505
10,HEURISTIC.LAZY,187.08778712238797
10,HEURISTIC.LAZY,187.58879567712466
10,HEURISTIC.LAZY,187.63231339219203
10,HEURISTIC.LAZY,187.7220473496012
10,HEURISTIC.LAZY,173.30150294055585
10,HEURISTIC.LAZY,186.74076031118423
10,HEURISTIC.LAZY,186.7952901936671
10,HEURISTIC.LAZY,187.07790063051067
10,HEURISTIC.LAZY,187.27644429444356
10,HEURISTIC.LAZY,187.3206045167746
10,HEURISTIC.LAZY,187.81209314463175
10,HEURISTIC.LAZY,187.86212453069913
10,HEURISTIC.LAZY,187.95010666416383
10,HEURISTIC.LAZY,174.1805623267144
10,HEURISTIC.LAZY,187.7875078770147
10,HEURISTIC.LAZY,188.05917925642336
10,HEURISTIC.LAZY,188.08803003980495
10,HEURISTIC.LAZY,188.32747281304668
10,HEURISTIC.LAZY,188.54250786259567
10,HEURISTIC.LAZY,188.9158182036697
10,HEURISTIC.LAZY,189.03438919850333
10,HEURISTIC.LAZY,189.03832897809465
10,HEURISTIC.LAZY,174.29003941496887
10,HEURISTIC.LAZY,188.19004919634276
10,HEURISTIC.LAZY,188.4839802423681
10,HEURISTIC.LAZY,188.49897228944832
10,HEURISTIC.LAZY,188.72228768283102
10,HEURISTIC.LAZY,188.98129579619626
10,HEURISTIC.LAZY,189.31647664054907
10,HEURISTIC.LAZY,189.44425811587857
10,HEURISTIC.LAZY,189.46363400350702
10,HEURISTIC.LAZY,173.3297838107694
10,HEURISTIC.LAZY,187.35376480925655
10,HEURISTIC.LAZY,187.44218836142167
10,HEURISTIC.LAZY,187.6876625807035
10,HEURISTIC.LAZY,187.92480880237272
10,HEURISTIC.LAZY,187.93037197771827
10,HEURISTIC.LAZY,188.45277648546275
10,HEURISTIC.LAZY,188.47751531857983
10,HEURISTIC.LAZY,188.56983734715845
10,HEURISTIC.LAZY,174.27685608705195
10,HEURISTIC.LAZY,188.42799844253733
10,HEURISTIC.LAZY,188.7190150567297
10,HEURISTIC.LAZY,188.75585519210586
10,HEURISTIC.LAZY,188.956804845368
10,HEURISTIC.LAZY,189.23740858878458
10,HEURISTIC.LAZY,189.5533415417953
10,HEURISTIC.LAZY,189.68343455717442
10,HEURISTIC.LAZY,189.71435079186801
10,HEURISTIC.LAZY,173.99978302741093
10,HEURISTIC.LAZY,188.47864703014767
10,HEURISTIC.LAZY,188.7752587132711
10,HEURISTIC.LAZY,188.78852344267563
10,HEURISTIC.LAZY,189.0141469995566
10,HEURISTIC.LAZY,189.2704247325663
10,HEURISTIC.LAZY,189.60582451150822
10,HEURISTIC.LAZY,189.73195896919484
10,HEURISTIC.LAZY,189.75042952309624
10,HEURISTIC.LAZY,166.41311614863318
10,HEURISTIC.LAZY,193.9077368511226
10,HEURISTIC.LAZY,193.92623793048784
10,HEURISTIC.LAZY,194.09188289527788
10,HEURISTIC.LAZY,194.6425162954082
10,HEURISTIC.LAZY,194.72023713262007
10,HEURISTIC.LAZY,183.14723961351248
10,HEURISTIC.LAZY,194.0215548474426
10,HEURISTIC.LAZY,194.04787509174884
10,HEURISTIC.LAZY,194.20443856147028
10,HEURISTIC.LAZY,194.76656494815916
10,HEURISTIC.LAZY,183.02413863610192
10,HEURISTIC.LAZY,194.0047827227647
10,HEURISTIC.LAZY,194.0408733957895
10,HEURISTIC.LAZY,194.18634494911458
10,HEURISTIC.LAZY,194.76303101972866
10,HEURISTIC.LAZY,194.8133373783839
10,HEURISTIC.LAZY,183.35107264857947
10,HEURISTIC.LAZY,194.92818435783408
10,HEURISTIC.LAZY,195.03606739785954
10,HEURISTIC.LAZY,195.0976071587617
10,HEURISTIC.LAZY,167.13201169802005
10,HEURISTIC.LAZY,204.31216393361694
10,HEURISTIC.LAZY,183.96954984330694
10,HEURISTIC.LAZY,204.59839083838375
10,HEURISTIC.LAZY,183.9814132754405
10,HEURISTIC.LAZY,184.00801915895835
10,HEURISTIC.LAZY,183.99624527582873
10,HEURISTIC.LAZY,184.01386637803054
10,HEURISTIC.LAZY,184.0823930294331
10,HEURISTIC.LAZY,184.12505994949777
10,HEURISTIC.LAZY,183.9587744540715
10,HEURISTIC.LAZY,195.66555876158677
10,HEURISTIC.LAZY,195.70164943461157
10,HEURISTIC.LAZY,183.9599320365303
10,HEURISTIC.LAZY,183.96497955724752
10,HEURISTIC.LAZY,205.71654254843048
10,HEURISTIC.LAZY,183.93892860181373
10,HEURISTIC.LAZY,205.79962239610526
10,HEURISTIC.LAZY,163.3270595703851
10,HEURISTIC.LAZY,188.52188444398246
10,HEURISTIC.LAZY,188.6089902065314
10,HEURISTIC.LAZY,188.85326272892434
10,HEURISTIC.LAZY,189.0910528626857
10,HEURISTIC.LAZY,189.0959194435005
10,HEURISTIC.LAZY,189.62197168200007
10,HEURISTIC.LAZY,189.6467654690818
10,HEURISTIC.LAZY,189.74063685933027
10,HEURISTIC.LAZY,174.44473880196676
10,HEURISTIC.LAZY,188.40716943144474
10,HEURISTIC.LAZY,188.47005726485511
10,HEURISTIC.LAZY,188.74248806109534
10,HEURISTIC.LAZY,188.9513642638617
10,HEURISTIC.LAZY,188.98520316959917
10,HEURISTIC.LAZY,189.48621172433587
10,HEURISTIC.LAZY,189.52972943940324
10,HEURISTIC.LAZY,189.61946339681242
10,HEURISTIC.LAZY,174.3338499406997
10,HEURISTIC.LAZY,188.49034094769573
10,HEURISTIC.LAZY,188.5448708301786
10,HEURISTIC.LAZY,188.82748126702216
10,HEURISTIC.LAZY,189.02602493095506
10,HEURISTIC.LAZY,189.0701851532861
10,HEURISTIC.LAZY,189.56167378114324
10,HEURISTIC.LAZY,189.61170516721063
10,HEURISTIC.LAZY,189.69968730067532
10,HEURISTIC.LAZY,175.22905596591653
10,HEURISTIC.LAZY,189.4367379604958
10,HEURISTIC.LAZY,189.62011712568182
10,HEURISTIC.LAZY,189.7525087350633
10,HEURISTIC.LAZY,189.99405232990006
10,HEURISTIC.LAZY,190.10402559182836
10,HEURISTIC.LAZY,190.56622229871982
10,HEURISTIC.LAZY,190.61623960081494
10,HEURISTIC.LAZY,190.67547876826177
10,HEURISTIC.LAZY,174.32110971385316
10,HEURISTIC.LAZY,189.02130325164788
10,HEURISTIC.LAZY,189.109726803813
10,HEURISTIC.LAZY,189.35520102309482
10,HEURISTIC.LAZY,189.59234724476406
10,HEURISTIC.LAZY,189.5979104201096
10,HEURISTIC.LAZY,190.12031492785408
10,HEURISTIC.LAZY,190.14505376097117
10,HEURISTIC.LAZY,190.2373757895498
10,HEURISTIC.LAZY,175.64180517948523
10,HEURISTIC.LAZY,190.39488021878012
10,HEURISTIC.LAZY,190.6665515981888
10,HEURISTIC.LAZY,190.69540238157037
10,HEURISTIC.LAZY,190.9348451548121
10,HEURISTIC.LAZY,191.1498802043611
10,HEURISTIC.LAZY,191.5231905454351
10,HEURISTIC.LAZY,191.64176154026876
10,HEURISTIC.LAZY,191.64570131986008
10,HEURISTIC.LAZY,175.7384449840982
10,HEURISTIC.LAZY,190.77174697082526
10,HEURISTIC.LAZY,191.0656780168506
10,HEURISTIC.LAZY,191.08067006393082
10,HEURISTIC.LAZY,191.30398545731353
10,HEURISTIC.LAZY,191.56299357067877
10,HEURISTIC.LAZY,191.89817441503158
10,HEURISTIC.LAZY,192.02595589036108
10,HEURISTIC.LAZY,192.04533177798953
10,HEURISTIC.LAZY,175.68320809148844
10,HEURISTIC.LAZY,190.92558908763414
10,HEURISTIC.LAZY,191.2166057018265
10,HEURISTIC.LAZY,191.25344583720266
10,HEURISTIC.LAZY,191.4543954904648
10,HEURISTIC.LAZY,191.73499923388138
10,HEURISTIC.LAZY,192.0509321868921
10,HEURISTIC.LAZY,192.18102520227123
10,HEURISTIC.LAZY,192.21194143696482
10,HEURISTIC.LAZY,175.27233197227577
10,HEURISTIC.LAZY,190.70863155610115
10,HEURISTIC.LAZY,191.00524323922463
10,HEURISTIC.LAZY,191.01850796862914
10,HEURISTIC.LAZY,191.24413152551008
10,HEURISTIC.LAZY,191.50040925851977
10,HEURISTIC.LAZY,191.83580903746167
10,HEURISTIC.LAZY,191.96194349514832
10,HEURISTIC.LAZY,191.98041404904973
10,HEURISTIC.LAZY,166.6430059490876
10,HEURISTIC.LAZY,194.36751645203145
10,HEURISTIC.LAZY,194.3860175313967
10,HEURISTIC.LAZY,194.55166249618674
10,HEURISTIC.LAZY,183.81514986379136
10,HEURISTIC.LAZY,194.47825183681914
10,HEURISTIC.LAZY,194.50457208112542
10,HEURISTIC.LAZY,194.6611355508469
10,HEURISTIC.LAZY,183.67315761131619
10,HEURISTIC.LAZY,194.42369716201205
10,HEURISTIC.LAZY,194.45978783503688
10,HEURISTIC.LAZY,194.6052593883619
10,HEURISTIC.LAZY,183.98047243667082
10,HEURISTIC.LAZY,195.30786042283566
10,HEURISTIC.LAZY,195.41574346286114
10,HEURISTIC.LAZY,195.47728322376327
10,HEURISTIC.LAZY,162.5115566768073
10,HEURISTIC.LAZY,186.89087865682683
10,HEURISTIC.LAZY,186.97798441937576
10,HEURISTIC.LAZY,187.2222569417687
10,HEURISTIC.LAZY,187.46004707553007
10,HEURISTIC.LAZY,187.46491365634486
10,HEURISTIC.LAZY,187.99096589484444
10,HEURISTIC.LAZY,188.01575968192617
10,HEURISTIC.LAZY,188.10963107217464
10,HEURISTIC.LAZY,174.23853635290737
10,HEURISTIC.LAZY,186.87223899961197
10,HEURISTIC.LAZY,186.93512683302234
10,HEURISTIC.LAZY,187.20755762926257
10,HEURISTIC.LAZY,187.41643383202893
10,HEURISTIC.LAZY,187.4502727377664
10,HEURISTIC.LAZY,187.9512812925031
10,HEURISTIC.LAZY,187.99479900757046
10,HEURISTIC.LAZY,188.08453296497964
10,HEURISTIC.LAZY,174.90095008722284
10,HEURISTIC.LAZY,187.65800066939445
10,HEURISTIC.LAZY,187.84137983458044
10,HEURISTIC.LAZY,187.97377144396194
10,HEURISTIC.LAZY,188.2153150387987
10,HEURISTIC.LAZY,188.32528830072698
10,HEURISTIC.LAZY,188.78748500761844
10,HEURISTIC.LAZY,188.8375023097136
10,HEURISTIC.LAZY,188.89674147716042
10,HEURISTIC.LAZY,174.17129335610525
10,HEURISTIC.LAZY,187.04270224479288
10,HEURISTIC.LAZY,187.09723212727576
10,HEURISTIC.LAZY,187.37984256411931
10,HEURISTIC.LAZY,187.5783862280522
10,HEURISTIC.LAZY,187.62254645038325
10,HEURISTIC.LAZY,188.1140350782404
10,HEURISTIC.LAZY,188.16406646430778
10,HEURISTIC.LAZY,188.25204859777247
10,HEURISTIC.LAZY,175.3042162869906
10,HEURISTIC.LAZY,188.59717690007687
10,HEURISTIC.LAZY,188.86884827948558
10,HEURISTIC.LAZY,188.8976990628671
10,HEURISTIC.LAZY,189.13714183610887
10,HEURISTIC.LAZY,189.35217688565785
10,HEURISTIC.LAZY,189.7254872267319
10,HEURISTIC.LAZY,189.8440582215655
10,HEURISTIC.LAZY,189.84799800115684
10,HEURISTIC.LAZY,174.19048955713527
10,HEURISTIC.LAZY,187.6375374044981
10,HEURISTIC.LAZY,187.72596095666322
10,HEURISTIC.LAZY,187.97143517594503
10,HEURISTIC.LAZY,188.20858139761427
10,HEURISTIC.LAZY,188.2141445729598
10,HEURISTIC.LAZY,188.7365490807043
10,HEURISTIC.LAZY,188.76128791382138
10,HEURISTIC.LAZY,188.8536099424
10,HEURISTIC.LAZY,175.40614321132654
10,HEURISTIC.LAZY,188.98461789156798
10,HEURISTIC.LAZY,189.2785489375933
10,HEURISTIC.LAZY,189.29354098467354
10,HEURISTIC.LAZY,189.51685637805625
10,HEURISTIC.LAZY,189.7758644914215
10,HEURISTIC.LAZY,190.1110453357743
10,HEURISTIC.LAZY,190.2388268111038
10,HEURISTIC.LAZY,190.25820269873225
10,HEURISTIC.LAZY,175.36490334305995
10,HEURISTIC.LAZY,189.16645405706316
10,HEURISTIC.LAZY,189.45747067125552
10,HEURISTIC.LAZY,189.4943108066317
10,HEURISTIC.LAZY,189.69526045989383
10,HEURISTIC.LAZY,189.9758642033104
10,HEURISTIC.LAZY,190.29179715632114
10,HEURISTIC.LAZY,190.42189017170026
10,HEURISTIC.LAZY,190.45280640639385
10,HEURISTIC.LAZY,175.00591972575026
10,HEURISTIC.LAZY,189.05328152933618
10,HEURISTIC.LAZY,189.34989321245962
10,HEURISTIC.LAZY,189.36315794186413
10,HEURISTIC.LAZY,189.5887814987451
10,HEURISTIC.LAZY,189.84505923175482
10,HEURISTIC.LAZY,190.18045901069672
10,HEURISTIC.LAZY,190.30659346838334
10,HEURISTIC.LAZY,190.32506402228475
10,HEURISTIC.LAZY,163.31949153362274
10,HEURISTIC.LAZY,188.50674837045776
10,HEURISTIC.LAZY,188.5938541330067
10,HEURISTIC.LAZY,188.83812665539966
10,HEURISTIC.LAZY,189.075916789161
10,HEURISTIC.LAZY,189.0807833699758
10,HEURISTIC.LAZY,189.60683560847536
10,HEURISTIC.LAZY,189.6316293955571
10,HEURISTIC.LAZY,189.72550078580556
10,HEURISTIC.LAZY,174.99793754513217
10,HEURISTIC.LAZY,188.351510463431
10,HEURISTIC.LAZY,188.41439829684137
10,HEURISTIC.LAZY,188.6868290930816
10,HEURISTIC.LAZY,188.89570529584796
10,HEURISTIC.LAZY,188.92954420158543
10,HEURISTIC.LAZY,189.43055275632213
10,HEURISTIC.LAZY,189.4740704713895
10,HEURISTIC.LAZY,189.56380442879868
10,HEURISTIC.LAZY,174.87193433363967
10,HEURISTIC.LAZY,188.40445327923115
10,HEURISTIC.LAZY,188.45898316171403
10,HEURISTIC.LAZY,188.74159359855759
10,HEURISTIC.LAZY,188.94013726249048
10,HEURISTIC.LAZY,188.98429748482152
10,HEURISTIC.LAZY,189.47578611267866
10,HEURISTIC.LAZY,189.52581749874605
10,HEURISTIC.LAZY,189.61379963221074
10,HEURISTIC.LAZY,175.84953032970697
10,HEURISTIC.LAZY,189.51563023373217
10,HEURISTIC.LAZY,189.69900939891818
10,HEURISTIC.LAZY,189.83140100829965
10,HEURISTIC.LAZY,190.07294460313642
10,HEURISTIC.LAZY,190.18291786506472
10,HEURISTIC.LAZY,190.64511457195619
10,HEURISTIC.LAZY,190.6951318740513
10,HEURISTIC.LAZY,190.75437104149813
10,HEURISTIC.LAZY,174.84802294229533
10,HEURISTIC.LAZY,188.91307325418768
10,HEURISTIC.LAZY,189.0014968063528
10,HEURISTIC.LAZY,189.24697102563462
10,HEURISTIC.LAZY,189.48411724730386
10,HEURISTIC.LAZY,189.4896804226494
10,HEURISTIC.LAZY,190.01208493039388
10,HEURISTIC.LAZY,190.036823763511
10,HEURISTIC.LAZY,190.12914579208956
10,HEURISTIC.LAZY,176.26881793328067
10,HEURISTIC.LAZY,190.4868492720265
10,HEURISTIC.LAZY,190.75852065143516
10,HEURISTIC.LAZY,190.78737143481675
10,HEURISTIC.LAZY,191.02681420805848
10,HEURISTIC.LAZY,191.24184925760747
10,HEURISTIC.LAZY,191.6151595986815
10,HEURISTIC.LAZY,191.73373059351513
10,HEURISTIC.LAZY,191.73767037310645
10,HEURISTIC.LAZY,176.3575511928434
10,HEURISTIC.LAZY,190.8479029339711
10,HEURISTIC.LAZY,191.14183397999645
10,HEURISTIC.LAZY,191.15682602707668
10,HEURISTIC.LAZY,191.38014142045938
10,HEURISTIC.LAZY,191.63914953382465
10,HEURISTIC.LAZY,191.97433037817743
10,HEURISTIC.LAZY,192.10211185350693
10,HEURISTIC.LAZY,192.12148774113535
10,HEURISTIC.LAZY,176.28734666117305
10,HEURISTIC.LAZY,190.97180977265884
10,HEURISTIC.LAZY,191.2628263868512
10,HEURISTIC.LAZY,191.29966652222737
10,HEURISTIC.LAZY,191.5006161754895
10,HEURISTIC.LAZY,191.7812199189061
10,HEURISTIC.LAZY,192.09715287191682
10,HEURISTIC.LAZY,192.22724588729594
10,HEURISTIC.LAZY,192.25816212198953
10,HEURISTIC.LAZY,175.84106633240987
10,HEURISTIC.LAZY,190.68404382202485
10,HEURISTIC.LAZY,190.98065550514832
10,HEURISTIC.LAZY,190.99392023455283
10,HEURISTIC.LAZY,191.21954379143378
10,HEURISTIC.LAZY,191.47582152444346
10,HEURISTIC.LAZY,191.81122130338537
10,HEURISTIC.LAZY,191.937355761072
10,HEURISTIC.LAZY,191.95582631497342
10,HEURISTIC.LAZY,162.70353727351048
10,HEURISTIC.LAZY,187.2748398502332
10,HEURISTIC.LAZY,187.36194561278214
10,HEURISTIC.LAZY,187.60621813517508
10,HEURISTIC.LAZY,187.84400826893645
10,HEURISTIC.LAZY,187.84887484975124
10,HEURISTIC.LAZY,188.37492708825081
10,HEURISTIC.LAZY,188.39972087533255
10,HEURISTIC.LAZY,188.49359226558101
10,HEURISTIC.LAZY,174.51760365046943
10,HEURISTIC.LAZY,187.20418211901585
10,HEURISTIC.LAZY,187.26706995242623
10,HEURISTIC.LAZY,187.53950074866646
10,HEURISTIC.LAZY,187.74837695143282
10,HEURISTIC.LAZY,187.78221585717029
10,HEURISTIC.LAZY,188.28322441190699
10,HEURISTIC.LAZY,188.32674212697435
10,HEURISTIC.LAZY,188.41647608438353
10,HEURISTIC.LAZY,174.4305346410032
10,HEURISTIC.LAZY,187.3349933388685
10,HEURISTIC.LAZY,187.38952322135137
10,HEURISTIC.LAZY,187.67213365819492
10,HEURISTIC.LAZY,187.87067732212782
10,HEURISTIC.LAZY,187.91483754445886
10,HEURISTIC.LAZY,188.406326172316
10,HEURISTIC.LAZY,188.4563575583834
10,HEURISTIC.LAZY,188.54433969184808
10,HEURISTIC.LAZY,175.25968193361803
10,HEURISTIC.LAZY,188.1492728864646
10,HEURISTIC.LAZY,188.3326520516506
10,HEURISTIC.LAZY,188.46504366103207
10,HEURISTIC.LAZY,188.70658725586884
10,HEURISTIC.LAZY,188.81656051779714
10,HEURISTIC.LAZY,189.2787572246886
10,HEURISTIC.LAZY,189.32877452678372
10,HEURISTIC.LAZY,189.38801369423055
10,HEURISTIC.LAZY,174.4386646180762
10,HEURISTIC.LAZY,187.90769605065967
10,HEURISTIC.LAZY,187.9961196028248
10,HEURISTIC.LAZY,188.2415938221066
10,HEURISTIC.LAZY,188.47874004377584
10,HEURISTIC.LAZY,188.4843032191214
10,HEURISTIC.LAZY,189.00670772686587
10,HEURISTIC.LAZY,189.03144655998295
10,HEURISTIC.LAZY,189.12376858856157
10,HEURISTIC.LAZY,175.67226800506114
10,HEURISTIC.LAZY,189.10708886049778
10,HEURISTIC.LAZY,189.37876023990646
10,HEURISTIC.LAZY,189.40761102328804
10,HEURISTIC.LAZY,189.64705379652978
10,HEURISTIC.LAZY,189.86208884607876
10,HEURISTIC.LAZY,190.23539918715278
10,HEURISTIC.LAZY,190.35397018198643
10,HEURISTIC.LAZY,190.35790996157775
10,HEURISTIC.LAZY,175.7689673584099
10,HEURISTIC.LAZY,189.4840747100144
10,HEURISTIC.LAZY,189.77800575603973
10,HEURISTIC.LAZY,189.79299780311996
10,HEURISTIC.LAZY,190.01631319650267
10,HEURISTIC.LAZY,190.27532130986793
10,HEURISTIC.LAZY,190.6105021542207
10,HEURISTIC.LAZY,190.7382836295502
10,HEURISTIC.LAZY,190.75765951717864
10,HEURISTIC.LAZY,175.71558749735829
10,HEURISTIC.LAZY,189.64163088993962
10,HEURISTIC.LAZY,189.93264750413198
10,HEURISTIC.LAZY,189.96948763950815
10,HEURISTIC.LAZY,190.1704372927703
10,HEURISTIC.LAZY,190.45104103618687
10,HEURISTIC.LAZY,190.7669739891976
10,HEURISTIC.LAZY,190.8970670045767
10,HEURISTIC.LAZY,190.9279832392703
10,HEURISTIC.LAZY,175.32168762882247
10,HEURISTIC.LAZY,189.45862585976036
10,HEURISTIC.LAZY,189.75523754288383
10,HEURISTIC.LAZY,189.76850227228834
10,HEURISTIC.LAZY,189.9941258291693
10,HEURISTIC.LAZY,190.25040356217897
10,HEURISTIC.LAZY,190.58580334112088
10,HEURISTIC.LAZY,190.71193779880753
10,HEURISTIC.LAZY,190.73040835270893
10,HEURISTIC.LAZY,156.6748214686108
10,HEURISTIC.LAZY,203.82111242935133
10,HEURISTIC.LAZY,181.2266993894472
10,HEURISTIC.LAZY,193.14800214197749
10,HEURISTIC.LAZY,193.16650322134274
10,HEURISTIC.LAZY,193.33214818613277
10,HEURISTIC.LAZY,193.8827815862631
10,HEURISTIC.LAZY,193.96050242347496
10,HEURISTIC.LAZY,194.16904189010495
10,HEURISTIC.LAZY,194.2937023066599
10,HEURISTIC.LAZY,181.27339463396083
10,HEURISTIC.LAZY,193.26177879408766
10,HEURISTIC.LAZY,193.2880990383939
10,HEURISTIC.LAZY,193.44466250811536
10,HEURISTIC.LAZY,194.00678889480423
10,HEURISTIC.LAZY,194.07234915005836
10,HEURISTIC.LAZY,194.28180443897247
10,HEURISTIC.LAZY,194.4157651973889
10,HEURISTIC.LAZY,181.1494542684805
10,HEURISTIC.LAZY,193.24332789327022
10,HEURISTIC.LAZY,193.27941856629502
10,HEURISTIC.LAZY,193.4248901196201
10,HEURISTIC.LAZY,194.00157619023418
10,HEURISTIC.LAZY,194.0518825488894
10,HEURISTIC.LAZY,194.2622352440452
10,HEURISTIC.LAZY,194.4076323480288
10,HEURISTIC.LAZY,182.07804054376254
10,HEURISTIC.LAZY,204.0117817421604
10,HEURISTIC.LAZY,182.27426174941104
10,HEURISTIC.LAZY,194.4036038655024
10,HEURISTIC.LAZY,194.44976728241255
10,HEURISTIC.LAZY,182.184859588917
10,HEURISTIC.LAZY,204.3841960965363
10,HEURISTIC.LAZY,182.0983828625345
10,HEURISTIC.LAZY,204.33228265479136
10,HEURISTIC.LAZY,182.10306427942868
10,HEURISTIC.LAZY,204.5753496617263
10,HEURISTIC.LAZY,181.47458074422042
10,HEURISTIC.LAZY,194.16311445486434
10,HEURISTIC.LAZY,194.2709974948898
10,HEURISTIC.LAZY,194.33253725579195
10,HEURISTIC.LAZY,194.95153852017387
10,HEURISTIC.LAZY,195.01261026633887
10,HEURISTIC.LAZY,182.20097961450068
10,HEURISTIC.LAZY,204.89328249006564
10,HEURISTIC.LAZY,182.07920408660382
10,HEURISTIC.LAZY,205.14140111000853
10,HEURISTIC.LAZY,182.14891270109885
10,HEURISTIC.LAZY,205.3427943712088
10,HEURISTIC.LAZY,182.07008757213342
10,HEURISTIC.LAZY,205.25834983961005
10,HEURISTIC.LAZY,166.80250505906497
10,HEURISTIC.LAZY,203.4204953364428
10,HEURISTIC.LAZY,203.72222356360925
10,HEURISTIC.LAZY,203.77829500105972
10,HEURISTIC.LAZY,203.8674424552982
10,HEURISTIC.LAZY,181.97329058195908
10,HEURISTIC.LAZY,203.69973422295618
10,HEURISTIC.LAZY,204.07942513301083
10,HEURISTIC.LAZY,204.13209215571766
10,HEURISTIC.LAZY,204.13269235823583
10,HEURISTIC.LAZY,181.98383622447648
10,HEURISTIC.LAZY,203.87960177205798
10,HEURISTIC.LAZY,204.0804278604893
10,HEURISTIC.LAZY,204.13961174750017
10,HEURISTIC.LAZY,181.6421140538897
10,HEURISTIC.LAZY,193.87628387526524
10,HEURISTIC.LAZY,193.8947849546305
10,HEURISTIC.LAZY,194.06042991942053
10,HEURISTIC.LAZY,194.61106331955085
10,HEURISTIC.LAZY,194.68878415676272
10,HEURISTIC.LAZY,182.00924041110545
10,HEURISTIC.LAZY,204.051450156336
10,HEURISTIC.LAZY,204.4649027657204
10,HEURISTIC.LAZY,204.47745018519322
10,HEURISTIC.LAZY,181.68751327260378
10,HEURISTIC.LAZY,193.98746847577615
10,HEURISTIC.LAZY,194.01378872008243
10,HEURISTIC.LAZY,194.1703521898039
10,HEURISTIC.SIMPLE_COLLISION,113.80497653946873
10,HEURISTIC.SIMPLE_COLLISION,207.92434282286365
10,HEURISTIC.SIMPLE_COLLISION,208.43475409582135
10,HEURISTIC.SIMPLE_COLLISION,209.23295940901696
10,HEURISTIC.SIMPLE_COLLISION,208.47398942452293
10,HEURISTIC.SIMPLE_COLLISION,208.49451793434122
10,HEURISTIC.SIMPLE_COLLISION,208.83225642408337
10,HEURISTIC.SIMPLE_COLLISION,187.44277383895627
10,HEURISTIC.SIMPLE_COLLISION,209.02191205899723
10,HEURISTIC.SIMPLE_COLLISION,209.57155866065648
10,HEURISTIC.SIMPLE_COLLISION,209.5323233319549
10,HEURISTIC.SIMPLE_COLLISION,209.59208717047477
10,HEURISTIC.SIMPLE_COLLISION,209.92982566021695
10,HEURISTIC.SIMPLE_COLLISION,210.33052864515054
10,HEURISTIC.SIMPLE_COLLISION,210.49275216825652
10,HEURISTIC.SIMPLE_COLLISION,210.47979033184998
10,HEURISTIC.SIMPLE_COLLISION,186.33889254393338
10,HEURISTIC.SIMPLE_COLLISION,198.42819439231658
10,HEURISTIC.SIMPLE_COLLISION,198.5484457242678
10,HEURISTIC.SIMPLE_COLLISION,198.55828019961436
10,HEURISTIC.SIMPLE_COLLISION,199.57819123551928
10,HEURISTIC.SIMPLE_COLLISION,199.11241637996727
10,HEURISTIC.SIMPLE_COLLISION,199.38735774110194
10,HEURISTIC.SIMPLE_COLLISION,199.81142829706732
10,HEURISTIC.SIMPLE_COLLISION,199.92480177184763
10,HEURISTIC.SIMPLE_COLLISION,186.38552704639727
10,HEURISTIC.SIMPLE_COLLISION,198.5623468599916
10,HEURISTIC.SIMPLE_COLLISION,198.68259819194282
10,HEURISTIC.SIMPLE_COLLISION,198.6924326672894
10,HEURISTIC.SIMPLE_COLLISION,199.71234370319434
10,HEURISTIC.SIMPLE_COLLISION,199.24656884764232
10,HEURISTIC.SIMPLE_COLLISION,199.521510208777
10,HEURISTIC.SIMPLE_COLLISION,199.94558076474237
10,HEURISTIC.SIMPLE_COLLISION,200.05895423952268
10,HEURISTIC.SIMPLE_COLLISION,186.4145939423775
10,HEURISTIC.SIMPLE_COLLISION,198.53206856421156
10,HEURISTIC.SIMPLE_COLLISION,198.6523198961628
10,HEURISTIC.SIMPLE_COLLISION,198.66215437150936
10,HEURISTIC.SIMPLE_COLLISION,199.68206540741429
10,HEURISTIC.SIMPLE_COLLISION,199.21629055186224
10,HEURISTIC.SIMPLE_COLLISION,199.4912319129969
10,HEURISTIC.SIMPLE_COLLISION,199.91530246896232
10,HEURISTIC.SIMPLE_COLLISION,200.0286759437426
10,HEURISTIC.SIMPLE_COLLISION,187.57825862450719
10,HEURISTIC.SIMPLE_COLLISION,212.173368973367
10,HEURISTIC.SIMPLE_COLLISION,212.72301557502624
10,HEURISTIC.SIMPLE_COLLISION,212.68378024632466
10,HEURISTIC.SIMPLE_COLLISION,212.74354408484453
10,HEURISTIC.SIMPLE_COLLISION,213.08128257458668
10,HEURISTIC.SIMPLE_COLLISION,213.4819855595203
10,HEURISTIC.SIMPLE_COLLISION,213.64420908262628
10,HEURISTIC.SIMPLE_COLLISION,187.63962359631938
10,HEURISTIC.SIMPLE_COLLISION,200.00529718910744
10,HEURISTIC.SIMPLE_COLLISION,200.12554852105868
10,HEURISTIC.SIMPLE_COLLISION,200.13538299640524
10,HEURISTIC.SIMPLE_COLLISION,200.68951917675815
10,HEURISTIC.SIMPLE_COLLISION,200.96446053789282
10,HEURISTIC.SIMPLE_COLLISION,187.6180477797586
10,HEURISTIC.SIMPLE_COLLISION,212.69466849104984
10,HEURISTIC.SIMPLE_COLLISION,213.24431509270912
10,HEURISTIC.SIMPLE_COLLISION,213.20507976400754
10,HEURISTIC.SIMPLE_COLLISION,213.2648436025274
10,HEURISTIC.SIMPLE_COLLISION,213.60258209226956
10,HEURISTIC.SIMPLE_COLLISION,214.00328507720315
10,HEURISTIC.SIMPLE_COLLISION,214.16550860030912
10,HEURISTIC.SIMPLE_COLLISION,187.3885623181382
10,HEURISTIC.SIMPLE_COLLISION,209.1260758353344
10,HEURISTIC.SIMPLE_COLLISION,209.67572243699365
10,HEURISTIC.SIMPLE_COLLISION,209.69625094681194
10,HEURISTIC.SIMPLE_COLLISION,210.0339894365541
10,HEURISTIC.SIMPLE_COLLISION,209.6768887085651
10,HEURISTIC.SIMPLE_COLLISION,210.59691594459366
10,HEURISTIC.SIMPLE_COLLISION,210.43469242148768
10,HEURISTIC.SIMPLE_COLLISION,210.58395410818716
10,HEURISTIC.SIMPLE_COLLISION,187.54773105946055
10,HEURISTIC.SIMPLE_COLLISION,212.1476527198684
10,HEURISTIC.SIMPLE_COLLISION,212.69729932152765
10,HEURISTIC.SIMPLE_COLLISION,212.6580639928261
10,HEURISTIC.SIMPLE_COLLISION,212.71782783134594
10,HEURISTIC.SIMPLE_COLLISION,213.05556632108812
10,HEURISTIC.SIMPLE_COLLISION,213.45626930602168
10,HEURISTIC.SIMPLE_COLLISION,213.61849282912766
10,HEURISTIC.SIMPLE_COLLISION,213.60553099272116
10,HEURISTIC.SIMPLE_COLLISION,186.87222831274107
10,HEURISTIC.SIMPLE_COLLISION,199.53467257897697
10,HEURISTIC.SIMPLE_COLLISION,199.65492391092818
10,HEURISTIC.SIMPLE_COLLISION,199.66475838627474
10,HEURISTIC.SIMPLE_COLLISION,200.21889456662768
10,HEURISTIC.SIMPLE_COLLISION,200.6846694221797
10,HEURISTIC.SIMPLE_COLLISION,200.49383592776235
10,HEURISTIC.SIMPLE_COLLISION,201.03127995850804
10,HEURISTIC.SIMPLE_COLLISION,188.22021010419343
10,HEURISTIC.SIMPLE_COLLISION,201.59073160798545
10,HEURISTIC.SIMPLE_COLLISION,201.71098293993668
10,HEURISTIC.SIMPLE_COLLISION,188.7831775097974
10,HEURISTIC.SIMPLE_COLLISION,202.47699055239303
10,HEURISTIC.SIMPLE_COLLISION,202.59724188434427
10,HEURISTIC.SIMPLE_COLLISION,188.19178971524286
10,HEURISTIC.SIMPLE_COLLISION,202.34287820895585
10,HEURISTIC.SIMPLE_COLLISION,202.47296401625366
10,HEURISTIC.SIMPLE_COLLISION,202.4631295409071
10,HEURISTIC.SIMPLE_COLLISION,188.61237197723287
10,HEURISTIC.SIMPLE_COLLISION,202.9016913387644
10,HEURISTIC.SIMPLE_COLLISION,203.0317771460622
10,HEURISTIC.SIMPLE_COLLISION,203.02194267071565
10,HEURISTIC.SIMPLE_COLLISION,187.53748181952747
10,HEURISTIC.SIMPLE_COLLISION,214.57395518246636
10,HEURISTIC.SIMPLE_COLLISION,215.12360178412564
10,HEURISTIC.SIMPLE_COLLISION,215.14413029394393
10,HEURISTIC.SIMPLE_COLLISION,215.08436645542406
10,HEURISTIC.SIMPLE_COLLISION,215.48186878368608
10,HEURISTIC.SIMPLE_COLLISION,170.05930220139743
10,HEURISTIC.SIMPLE_COLLISION,197.41427512636682
10,HEURISTIC.SIMPLE_COLLISION,197.70253549569998
10,HEURISTIC.SIMPLE_COLLISION,197.5366340397585
10,HEURISTIC.SIMPLE_COLLISION,198.7322810069515
10,HEURISTIC.SIMPLE_COLLISION,198.1273463857594
10,HEURISTIC.SIMPLE_COLLISION,198.3848286717784
10,HEURISTIC.SIMPLE_COLLISION,198.9655180684995
10,HEURISTIC.SIMPLE_COLLISION,199.0788915432798
10,HEURISTIC.SIMPLE_COLLISION,186.18508497740743
10,HEURISTIC.SIMPLE_COLLISION,197.55208297350845
10,HEURISTIC.SIMPLE_COLLISION,197.8403433428416
10,HEURISTIC.SIMPLE_COLLISION,197.67444188690013
10,HEURISTIC.SIMPLE_COLLISION,198.8700888540931
10,HEURISTIC.SIMPLE_COLLISION,198.265154232901
10,HEURISTIC.SIMPLE_COLLISION,198.52263651892002
10,HEURISTIC.SIMPLE_COLLISION,199.10332591564114
10,HEURISTIC.SIMPLE_COLLISION,199.2166993904214
10,HEURISTIC.SIMPLE_COLLISION,186.21415187338766
10,HEURISTIC.SIMPLE_COLLISION,197.57209460903096
10,HEURISTIC.SIMPLE_COLLISION,197.86035497836411
10,HEURISTIC.SIMPLE_COLLISION,197.69445352242263
10,HEURISTIC.SIMPLE_COLLISION,198.8901004896156
10,HEURISTIC.SIMPLE_COLLISION,198.28516586842352
10,HEURISTIC.SIMPLE_COLLISION,198.54264815444253
10,HEURISTIC.SIMPLE_COLLISION,199.12333755116364
10,HEURISTIC.SIMPLE_COLLISION,199.23671102594392
10,HEURISTIC.SIMPLE_COLLISION,187.43918152732954
10,HEURISTIC.SIMPLE_COLLISION,198.80632197688868
10,HEURISTIC.SIMPLE_COLLISION,199.09458234622184
10,HEURISTIC.SIMPLE_COLLISION,198.92868089028036
10,HEURISTIC.SIMPLE_COLLISION,199.51939323628127
10,HEURISTIC.SIMPLE_COLLISION,199.77687552230026
10,HEURISTIC.SIMPLE_COLLISION,200.47093839380167
10,HEURISTIC.SIMPLE_COLLISION,187.7387366388577
10,HEURISTIC.SIMPLE_COLLISION,209.6379977975205
10,HEURISTIC.SIMPLE_COLLISION,210.1484090704782
10,HEURISTIC.SIMPLE_COLLISION,210.94661438367382
10,HEURISTIC.SIMPLE_COLLISION,186.67178624375123
10,HEURISTIC.SIMPLE_COLLISION,198.6276550867778
10,HEURISTIC.SIMPLE_COLLISION,198.91591545611095
10,HEURISTIC.SIMPLE_COLLISION,198.75001400016944
10,HEURISTIC.SIMPLE_COLLISION,199.34072634617036
10,HEURISTIC.SIMPLE_COLLISION,199.94566096736244
10,HEURISTIC.SIMPLE_COLLISION,199.59820863218937
10,HEURISTIC.SIMPLE_COLLISION,200.17889802891048
10,HEURISTIC.SIMPLE_COLLISION,200.29227150369076
10,HEURISTIC.SIMPLE_COLLISION,188.01976803520358
10,HEURISTIC.SIMPLE_COLLISION,200.35274955794807
10,HEURISTIC.SIMPLE_COLLISION,200.64100992728123
10,HEURISTIC.SIMPLE_COLLISION,200.47510847133972
10,HEURISTIC.SIMPLE_COLLISION,187.78775733075153
10,HEURISTIC.SIMPLE_COLLISION,210.74629928041958
10,HEURISTIC.SIMPLE_COLLISION,211.29594588207885
10,HEURISTIC.SIMPLE_COLLISION,211.25671055337727
10,HEURISTIC.SIMPLE_COLLISION,211.31647439189715
10,HEURISTIC.SIMPLE_COLLISION,211.6542128816393
10,HEURISTIC.SIMPLE_COLLISION,212.05491586657288
10,HEURISTIC.SIMPLE_COLLISION,212.21713938967883
10,HEURISTIC.SIMPLE_COLLISION,188.58273544080754
10,HEURISTIC.SIMPLE_COLLISION,201.27385601191537
10,HEURISTIC.SIMPLE_COLLISION,201.39621492530705
10,HEURISTIC.SIMPLE_COLLISION,201.56211638124853
10,HEURISTIC.SIMPLE_COLLISION,187.75523307892053
10,HEURISTIC.SIMPLE_COLLISION,213.9365080820686
10,HEURISTIC.SIMPLE_COLLISION,214.48615468372788
10,HEURISTIC.SIMPLE_COLLISION,214.4469193550263
10,HEURISTIC.SIMPLE_COLLISION,214.50668319354617
10,HEURISTIC.SIMPLE_COLLISION,214.84442168328832
10,HEURISTIC.SIMPLE_COLLISION,187.991347646253
10,HEURISTIC.SIMPLE_COLLISION,201.39473876586243
10,HEURISTIC.SIMPLE_COLLISION,201.5170976792541
10,HEURISTIC.SIMPLE_COLLISION,201.6829991351956
10,HEURISTIC.SIMPLE_COLLISION,202.107810025255
10,HEURISTIC.SIMPLE_COLLISION,202.365292311274
10,HEURISTIC.SIMPLE_COLLISION,188.411929908243
10,HEURISTIC.SIMPLE_COLLISION,201.9017295457096
10,HEURISTIC.SIMPLE_COLLISION,202.02408845910128
10,HEURISTIC.SIMPLE_COLLISION,202.18998991504276
10,HEURISTIC.SIMPLE_COLLISION,187.73354580993347
10,HEURISTIC.SIMPLE_COLLISION,212.1910776090681
10,HEURISTIC.SIMPLE_COLLISION,212.74072421072736
10,HEURISTIC.SIMPLE_COLLISION,212.76125272054566
10,HEURISTIC.SIMPLE_COLLISION,213.0989912102878
10,HEURISTIC.SIMPLE_COLLISION,212.70148888202579
10,HEURISTIC.SIMPLE_COLLISION,213.66191771832737
10,HEURISTIC.SIMPLE_COLLISION,213.49969419522142
10,HEURISTIC.SIMPLE_COLLISION,187.7872953402658
10,HEURISTIC.SIMPLE_COLLISION,187.75355478561576
10,HEURISTIC.SIMPLE_COLLISION,166.93954035473348
10,HEURISTIC.SIMPLE_COLLISION,191.46925748047522
10,HEURISTIC.SIMPLE_COLLISION,190.99940258391007
10,HEURISTIC.SIMPLE_COLLISION,191.264994460977
10,HEURISTIC.SIMPLE_COLLISION,191.82464544919299
10,HEURISTIC.SIMPLE_COLLISION,192.32077975612037
10,HEURISTIC.SIMPLE_COLLISION,191.56308930565672
10,HEURISTIC.SIMPLE_COLLISION,192.1800241141475
10,HEURISTIC.SIMPLE_COLLISION,192.3089681526345
10,HEURISTIC.SIMPLE_COLLISION,176.84917705881603
10,HEURISTIC.SIMPLE_COLLISION,191.6217933175272
10,HEURISTIC.SIMPLE_COLLISION,191.15193842096204
10,HEURISTIC.SIMPLE_COLLISION,191.97718128624496
10,HEURISTIC.SIMPLE_COLLISION,191.41753029802896
10,HEURISTIC.SIMPLE_COLLISION,191.7156251427087
10,HEURISTIC.SIMPLE_COLLISION,192.47331559317234
10,HEURISTIC.SIMPLE_COLLISION,192.33255995119947
10,HEURISTIC.SIMPLE_COLLISION,192.46150398968643
10,HEURISTIC.SIMPLE_COLLISION,176.64451104706313
10,HEURISTIC.SIMPLE_COLLISION,191.15526740919813
10,HEURISTIC.SIMPLE_COLLISION,191.62512230576326
10,HEURISTIC.SIMPLE_COLLISION,191.98051027448105
10,HEURISTIC.SIMPLE_COLLISION,191.42085928626506
10,HEURISTIC.SIMPLE_COLLISION,191.71895413094478
10,HEURISTIC.SIMPLE_COLLISION,192.4766445814084
10,HEURISTIC.SIMPLE_COLLISION,192.33588893943553
10,HEURISTIC.SIMPLE_COLLISION,192.46483297792253
10,HEURISTIC.SIMPLE_COLLISION,177.79335215040476
10,HEURISTIC.SIMPLE_COLLISION,191.93968668879438
10,HEURISTIC.SIMPLE_COLLISION,192.2052785658613
10,HEURISTIC.SIMPLE_COLLISION,192.40954158535953
10,HEURISTIC.SIMPLE_COLLISION,192.50337341054103
10,HEURISTIC.SIMPLE_COLLISION,193.12030821903178
10,HEURISTIC.SIMPLE_COLLISION,192.7649295540773
10,HEURISTIC.SIMPLE_COLLISION,193.24925225751878
10,HEURISTIC.SIMPLE_COLLISION,193.26106386100466
10,HEURISTIC.SIMPLE_COLLISION,176.56275137591058
10,HEURISTIC.SIMPLE_COLLISION,191.38424006720436
10,HEURISTIC.SIMPLE_COLLISION,191.8540949637695
10,HEURISTIC.SIMPLE_COLLISION,192.2094829324873
10,HEURISTIC.SIMPLE_COLLISION,191.64983194427128
10,HEURISTIC.SIMPLE_COLLISION,191.947926788951
10,HEURISTIC.SIMPLE_COLLISION,192.70561723941466
10,HEURISTIC.SIMPLE_COLLISION,192.5648615974418
10,HEURISTIC.SIMPLE_COLLISION,192.69380563592878
10,HEURISTIC.SIMPLE_COLLISION,177.94416455260324
10,HEURISTIC.SIMPLE_COLLISION,192.79847905721664
10,HEURISTIC.SIMPLE_COLLISION,192.3286241606515
10,HEURISTIC.SIMPLE_COLLISION,192.5942160377184
10,HEURISTIC.SIMPLE_COLLISION,193.15386702593443
10,HEURISTIC.SIMPLE_COLLISION,192.89231088239814
10,HEURISTIC.SIMPLE_COLLISION,193.50924569088892
10,HEURISTIC.SIMPLE_COLLISION,193.6500013328618
10,HEURISTIC.SIMPLE_COLLISION,193.63818972937594
10,HEURISTIC.SIMPLE_COLLISION,176.57385044298576
10,HEURISTIC.SIMPLE_COLLISION,192.0864286044939
10,HEURISTIC.SIMPLE_COLLISION,191.61657370792875
10,HEURISTIC.SIMPLE_COLLISION,192.44181657321167
10,HEURISTIC.SIMPLE_COLLISION,191.88216558499568
10,HEURISTIC.SIMPLE_COLLISION,192.1802604296754
10,HEURISTIC.SIMPLE_COLLISION,192.93795088013903
10,HEURISTIC.SIMPLE_COLLISION,192.79719523816618
10,HEURISTIC.SIMPLE_COLLISION,192.92613927665315
10,HEURISTIC.SIMPLE_COLLISION,177.9334078650549
10,HEURISTIC.SIMPLE_COLLISION,192.5333658100335
10,HEURISTIC.SIMPLE_COLLISION,193.00322070659865
10,HEURISTIC.SIMPLE_COLLISION,192.79895768710043
10,HEURISTIC.SIMPLE_COLLISION,193.35860867531642
10,HEURISTIC.SIMPLE_COLLISION,193.09705253178015
10,HEURISTIC.SIMPLE_COLLISION,193.7139873402709
10,HEURISTIC.SIMPLE_COLLISION,193.85474298224378
10,HEURISTIC.SIMPLE_COLLISION,193.8429313787579
10,HEURISTIC.SIMPLE_COLLISION,177.55237269731597
10,HEURISTIC.SIMPLE_COLLISION,194.26357120372404
10,HEURISTIC.SIMPLE_COLLISION,194.7334261002892
10,HEURISTIC.SIMPLE_COLLISION,194.52916308079097
10,HEURISTIC.SIMPLE_COLLISION,195.08881406900696
10,HEURISTIC.SIMPLE_COLLISION,194.8272579254707
10,HEURISTIC.SIMPLE_COLLISION,195.44419273396147
10,HEURISTIC.SIMPLE_COLLISION,195.58494837593435
10,HEURISTIC.SIMPLE_COLLISION,195.5731367724485
10,HEURISTIC.SIMPLE_COLLISION,182.1336207585751
10,HEURISTIC.SIMPLE_COLLISION,204.81705677847145
10,HEURISTIC.SIMPLE_COLLISION,205.06576396229556
10,HEURISTIC.SIMPLE_COLLISION,204.690590452261
10,HEURISTIC.SIMPLE_COLLISION,205.0612713172265
10,HEURISTIC.SIMPLE_COLLISION,205.39328268292175
10,HEURISTIC.SIMPLE_COLLISION,205.36086973555987
10,HEURISTIC.SIMPLE_COLLISION,205.9506399960128
10,HEURISTIC.SIMPLE_COLLISION,205.75823041699243
10,HEURISTIC.SIMPLE_COLLISION,181.85787497569595
10,HEURISTIC.SIMPLE_COLLISION,207.51663437894712
10,HEURISTIC.SIMPLE_COLLISION,207.39016805273667
10,HEURISTIC.SIMPLE_COLLISION,207.76534156277123
10,HEURISTIC.SIMPLE_COLLISION,207.64712826513414
10,HEURISTIC.SIMPLE_COLLISION,208.0928602833974
10,HEURISTIC.SIMPLE_COLLISION,207.94672668346755
10,HEURISTIC.SIMPLE_COLLISION,208.65021759648846
10,HEURISTIC.SIMPLE_COLLISION,208.4578080174681
10,HEURISTIC.SIMPLE_COLLISION,182.70442964271956
10,HEURISTIC.SIMPLE_COLLISION,205.31797250763674
10,HEURISTIC.SIMPLE_COLLISION,205.56667969146088
10,HEURISTIC.SIMPLE_COLLISION,205.53143348304462
10,HEURISTIC.SIMPLE_COLLISION,205.9130258006254
10,HEURISTIC.SIMPLE_COLLISION,205.89419841208706
10,HEURISTIC.SIMPLE_COLLISION,206.20445809729443
10,HEURISTIC.SIMPLE_COLLISION,181.71420130575316
10,HEURISTIC.SIMPLE_COLLISION,207.66549851438083
10,HEURISTIC.SIMPLE_COLLISION,207.53903218817038
10,HEURISTIC.SIMPLE_COLLISION,207.91420569820497
10,HEURISTIC.SIMPLE_COLLISION,207.8284799277287
10,HEURISTIC.SIMPLE_COLLISION,208.24172441883113
10,HEURISTIC.SIMPLE_COLLISION,208.1280783460621
10,HEURISTIC.SIMPLE_COLLISION,208.79908173192217
10,HEURISTIC.SIMPLE_COLLISION,208.6066721529018
10,HEURISTIC.SIMPLE_COLLISION,181.65423828861327
10,HEURISTIC.SIMPLE_COLLISION,208.26030463404783
10,HEURISTIC.SIMPLE_COLLISION,208.50901181787196
10,HEURISTIC.SIMPLE_COLLISION,208.31136895710716
10,HEURISTIC.SIMPLE_COLLISION,208.83653053849815
10,HEURISTIC.SIMPLE_COLLISION,208.69296127468795
10,HEURISTIC.SIMPLE_COLLISION,208.98439357135697
10,HEURISTIC.SIMPLE_COLLISION,209.39388785158917
10,HEURISTIC.SIMPLE_COLLISION,209.31896305168237
10,HEURISTIC.SIMPLE_COLLISION,181.89603411303148
10,HEURISTIC.SIMPLE_COLLISION,208.48515738093613
10,HEURISTIC.SIMPLE_COLLISION,208.73386456476024
10,HEURISTIC.SIMPLE_COLLISION,208.7481850840845
10,HEURISTIC.SIMPLE_COLLISION,209.06138328538643
10,HEURISTIC.SIMPLE_COLLISION,209.12977740166525
10,HEURISTIC.SIMPLE_COLLISION,209.4212096983343
10,HEURISTIC.SIMPLE_COLLISION,209.61874059847747
10,HEURISTIC.SIMPLE_COLLISION,183.178858434248
10,HEURISTIC.SIMPLE_COLLISION,210.2875219426988
10,HEURISTIC.SIMPLE_COLLISION,209.5240887748205
10,HEURISTIC.SIMPLE_COLLISION,209.66858290303793
10,HEURISTIC.SIMPLE_COLLISION,170.99297904097
10,HEURISTIC.SIMPLE_COLLISION,207.83964102457955
10,HEURISTIC.SIMPLE_COLLISION,208.35005229753725
10,HEURISTIC.SIMPLE_COLLISION,209.14825761073286
10,HEURISTIC.SIMPLE_COLLISION,208.38928762623883
10,HEURISTIC.SIMPLE_COLLISION,208.40981613605712
10,HEURISTIC.SIMPLE_COLLISION,208.74755462579927
10,HEURISTIC.SIMPLE_COLLISION,187.5400180515257
10,HEURISTIC.SIMPLE_COLLISION,208.23955277253793
10,HEURISTIC.SIMPLE_COLLISION,208.7891993741972
10,HEURISTIC.SIMPLE_COLLISION,208.74996404549563
10,HEURISTIC.SIMPLE_COLLISION,208.8097278840155
10,HEURISTIC.SIMPLE_COLLISION,209.14746637375765
10,HEURISTIC.SIMPLE_COLLISION,209.54816935869124
10,HEURISTIC.SIMPLE_COLLISION,209.7103928817972
10,HEURISTIC.SIMPLE_COLLISION,209.69743104539072
10,HEURISTIC.SIMPLE_COLLISION,186.61171131687516
10,HEURISTIC.SIMPLE_COLLISION,198.6436314247424
10,HEURISTIC.SIMPLE_COLLISION,198.93189179407554
10,HEURISTIC.SIMPLE_COLLISION,198.76599033813403
10,HEURISTIC.SIMPLE_COLLISION,199.96163730532703
10,HEURISTIC.SIMPLE_COLLISION,199.35670268413497
10,HEURISTIC.SIMPLE_COLLISION,199.61418497015396
10,HEURISTIC.SIMPLE_COLLISION,200.19487436687507
10,HEURISTIC.SIMPLE_COLLISION,200.30824784165537
10,HEURISTIC.SIMPLE_COLLISION,187.5074937996947
10,HEURISTIC.SIMPLE_COLLISION,212.09255424668453
10,HEURISTIC.SIMPLE_COLLISION,212.6422008483438
10,HEURISTIC.SIMPLE_COLLISION,212.60296551964223
10,HEURISTIC.SIMPLE_COLLISION,212.6627293581621
10,HEURISTIC.SIMPLE_COLLISION,213.00046784790425
10,HEURISTIC.SIMPLE_COLLISION,213.40117083283783
10,HEURISTIC.SIMPLE_COLLISION,213.56339435594379
10,HEURISTIC.SIMPLE_COLLISION,186.65834581933905
10,HEURISTIC.SIMPLE_COLLISION,198.77633709181177
10,HEURISTIC.SIMPLE_COLLISION,199.0645974611449
10,HEURISTIC.SIMPLE_COLLISION,198.89869600520342
10,HEURISTIC.SIMPLE_COLLISION,200.09434297239642
10,HEURISTIC.SIMPLE_COLLISION,199.48940835120436
10,HEURISTIC.SIMPLE_COLLISION,199.74689063722332
10,HEURISTIC.SIMPLE_COLLISION,200.44095350872476
10,HEURISTIC.SIMPLE_COLLISION,186.68741271531928
10,HEURISTIC.SIMPLE_COLLISION,198.73066806368087
10,HEURISTIC.SIMPLE_COLLISION,199.01892843301403
10,HEURISTIC.SIMPLE_COLLISION,198.85302697707255
10,HEURISTIC.SIMPLE_COLLISION,200.04867394426552
10,HEURISTIC.SIMPLE_COLLISION,199.44373932307343
10,HEURISTIC.SIMPLE_COLLISION,199.70122160909244
10,HEURISTIC.SIMPLE_COLLISION,200.28191100581355
10,HEURISTIC.SIMPLE_COLLISION,200.39528448059383
10,HEURISTIC.SIMPLE_COLLISION,187.92858907331077
10,HEURISTIC.SIMPLE_COLLISION,200.27566015906964
10,HEURISTIC.SIMPLE_COLLISION,200.5639205284028
10,HEURISTIC.SIMPLE_COLLISION,200.3980190724613
10,HEURISTIC.SIMPLE_COLLISION,200.98873141846224
10,HEURISTIC.SIMPLE_COLLISION,187.53955606103997
10,HEURISTIC.SIMPLE_COLLISION,212.5873762944116
10,HEURISTIC.SIMPLE_COLLISION,213.13702289607087
10,HEURISTIC.SIMPLE_COLLISION,213.0977875673693
10,HEURISTIC.SIMPLE_COLLISION,213.15755140588917
10,HEURISTIC.SIMPLE_COLLISION,213.49528989563132
10,HEURISTIC.SIMPLE_COLLISION,213.8959928805649
10,HEURISTIC.SIMPLE_COLLISION,214.05821640367088
10,HEURISTIC.SIMPLE_COLLISION,187.48580653070763
10,HEURISTIC.SIMPLE_COLLISION,209.0220486652919
10,HEURISTIC.SIMPLE_COLLISION,209.57169526695114
10,HEURISTIC.SIMPLE_COLLISION,209.59222377676943
10,HEURISTIC.SIMPLE_COLLISION,209.9299622665116
10,HEURISTIC.SIMPLE_COLLISION,209.53245993824956
10,HEURISTIC.SIMPLE_COLLISION,210.49288877455115
10,HEURISTIC.SIMPLE_COLLISION,210.33066525144517
10,HEURISTIC.SIMPLE_COLLISION,210.47992693814464
10,HEURISTIC.SIMPLE_COLLISION,187.50581550638992
10,HEURISTIC.SIMPLE_COLLISION,212.0810734057971
10,HEURISTIC.SIMPLE_COLLISION,212.63072000745638
10,HEURISTIC.SIMPLE_COLLISION,212.5914846787548
10,HEURISTIC.SIMPLE_COLLISION,212.65124851727467
10,HEURISTIC.SIMPLE_COLLISION,212.98898700701682
10,HEURISTIC.SIMPLE_COLLISION,213.38968999195043
10,HEURISTIC.SIMPLE_COLLISION,213.5519135150564
10,HEURISTIC.SIMPLE_COLLISION,213.53895167864988
10,HEURISTIC.SIMPLE_COLLISION,187.14504708568285
10,HEURISTIC.SIMPLE_COLLISION,199.71513710466908
10,HEURISTIC.SIMPLE_COLLISION,200.0033974740022
10,HEURISTIC.SIMPLE_COLLISION,199.83749601806073
10,HEURISTIC.SIMPLE_COLLISION,200.42820836406167
10,HEURISTIC.SIMPLE_COLLISION,200.68569065008063
10,HEURISTIC.SIMPLE_COLLISION,201.37975352158207
10,HEURISTIC.SIMPLE_COLLISION,188.50917558118482
10,HEURISTIC.SIMPLE_COLLISION,202.15828234416398
10,HEURISTIC.SIMPLE_COLLISION,189.0721429867888
10,HEURISTIC.SIMPLE_COLLISION,203.0315885745464
10,HEURISTIC.SIMPLE_COLLISION,188.4646084881846
10,HEURISTIC.SIMPLE_COLLISION,202.36616887602935
10,HEURISTIC.SIMPLE_COLLISION,202.48852778942103
10,HEURISTIC.SIMPLE_COLLISION,202.6544292453625
10,HEURISTIC.SIMPLE_COLLISION,187.47810719134117
10,HEURISTIC.SIMPLE_COLLISION,214.51563469246966
10,HEURISTIC.SIMPLE_COLLISION,215.0652812941289
10,HEURISTIC.SIMPLE_COLLISION,215.0858098039472
10,HEURISTIC.SIMPLE_COLLISION,215.02604596542733
10,HEURISTIC.SIMPLE_COLLISION,215.42354829368938
10,HEURISTIC.SIMPLE_COLLISION,188.88519075017464
10,HEURISTIC.SIMPLE_COLLISION,202.93984955439498
10,HEURISTIC.SIMPLE_COLLISION,203.22810992372814
10,HEURISTIC.SIMPLE_COLLISION,165.61072523730047
10,HEURISTIC.SIMPLE_COLLISION,190.35425407895968
10,HEURISTIC.SIMPLE_COLLISION,189.88439918239453
10,HEURISTIC.SIMPLE_COLLISION,190.70964204767745
10,HEURISTIC.SIMPLE_COLLISION,190.14999105946146
10,HEURISTIC.SIMPLE_COLLISION,190.44808590414118
10,HEURISTIC.SIMPLE_COLLISION,191.20577635460484
10,HEURISTIC.SIMPLE_COLLISION,191.06502071263196
10,HEURISTIC.SIMPLE_COLLISION,191.19396475111893
10,HEURISTIC.SIMPLE_COLLISION,177.38092152163486
10,HEURISTIC.SIMPLE_COLLISION,190.98059944363123
10,HEURISTIC.SIMPLE_COLLISION,190.51074454706608
10,HEURISTIC.SIMPLE_COLLISION,190.776336424133
10,HEURISTIC.SIMPLE_COLLISION,191.335987412349
10,HEURISTIC.SIMPLE_COLLISION,191.83212171927636
10,HEURISTIC.SIMPLE_COLLISION,191.07443126881276
10,HEURISTIC.SIMPLE_COLLISION,191.6913660773035
10,HEURISTIC.SIMPLE_COLLISION,191.8203101157905
10,HEURISTIC.SIMPLE_COLLISION,176.65591941797214
10,HEURISTIC.SIMPLE_COLLISION,189.89284127323833
10,HEURISTIC.SIMPLE_COLLISION,190.36269616980346
10,HEURISTIC.SIMPLE_COLLISION,190.71808413852125
10,HEURISTIC.SIMPLE_COLLISION,190.15843315030526
10,HEURISTIC.SIMPLE_COLLISION,190.45652799498498
10,HEURISTIC.SIMPLE_COLLISION,191.2142184454486
10,HEURISTIC.SIMPLE_COLLISION,191.07346280347573
10,HEURISTIC.SIMPLE_COLLISION,191.20240684196273
10,HEURISTIC.SIMPLE_COLLISION,176.5741597468196
10,HEURISTIC.SIMPLE_COLLISION,190.08536182236907
10,HEURISTIC.SIMPLE_COLLISION,190.5552167189342
10,HEURISTIC.SIMPLE_COLLISION,190.91060468765198
10,HEURISTIC.SIMPLE_COLLISION,190.350953699436
10,HEURISTIC.SIMPLE_COLLISION,190.64904854411571
10,HEURISTIC.SIMPLE_COLLISION,191.4067389945793
10,HEURISTIC.SIMPLE_COLLISION,191.26598335260647
10,HEURISTIC.SIMPLE_COLLISION,191.39492739109346
10,HEURISTIC.SIMPLE_COLLISION,177.80476052131377
10,HEURISTIC.SIMPLE_COLLISION,191.4165200705986
10,HEURISTIC.SIMPLE_COLLISION,191.68211194766553
10,HEURISTIC.SIMPLE_COLLISION,191.88637496716376
10,HEURISTIC.SIMPLE_COLLISION,191.98020679234526
10,HEURISTIC.SIMPLE_COLLISION,192.59714160083604
10,HEURISTIC.SIMPLE_COLLISION,192.24176293588155
10,HEURISTIC.SIMPLE_COLLISION,192.72608563932306
10,HEURISTIC.SIMPLE_COLLISION,192.7378972428089
10,HEURISTIC.SIMPLE_COLLISION,177.95557292351225
10,HEURISTIC.SIMPLE_COLLISION,192.27719243473427
10,HEURISTIC.SIMPLE_COLLISION,191.80733753816912
10,HEURISTIC.SIMPLE_COLLISION,192.07292941523605
10,HEURISTIC.SIMPLE_COLLISION,192.63258040345207
10,HEURISTIC.SIMPLE_COLLISION,192.37102425991577
10,HEURISTIC.SIMPLE_COLLISION,192.98795906840655
10,HEURISTIC.SIMPLE_COLLISION,193.12871471037943
10,HEURISTIC.SIMPLE_COLLISION,193.11690310689357
10,HEURISTIC.SIMPLE_COLLISION,176.58525881389477
10,HEURISTIC.SIMPLE_COLLISION,191.16730916398012
10,HEURISTIC.SIMPLE_COLLISION,190.69745426741497
10,HEURISTIC.SIMPLE_COLLISION,191.52269713269789
10,HEURISTIC.SIMPLE_COLLISION,190.9630461444819
10,HEURISTIC.SIMPLE_COLLISION,191.26114098916162
10,HEURISTIC.SIMPLE_COLLISION,192.01883143962525
10,HEURISTIC.SIMPLE_COLLISION,191.8780757976524
10,HEURISTIC.SIMPLE_COLLISION,192.00701983613936
10,HEURISTIC.SIMPLE_COLLISION,177.9448162359639
10,HEURISTIC.SIMPLE_COLLISION,192.02914939319976
10,HEURISTIC.SIMPLE_COLLISION,192.4990042897649
10,HEURISTIC.SIMPLE_COLLISION,192.29474127026668
10,HEURISTIC.SIMPLE_COLLISION,192.85439225848268
10,HEURISTIC.SIMPLE_COLLISION,192.59283611494644
10,HEURISTIC.SIMPLE_COLLISION,193.2097709234372
10,HEURISTIC.SIMPLE_COLLISION,193.35052656541006
10,HEURISTIC.SIMPLE_COLLISION,193.3387149619242
10,HEURISTIC.SIMPLE_COLLISION,177.56378106822498
10,HEURISTIC.SIMPLE_COLLISION,193.06862830192432
10,HEURISTIC.SIMPLE_COLLISION,193.53848319848947
10,HEURISTIC.SIMPLE_COLLISION,193.33422017899125
10,HEURISTIC.SIMPLE_COLLISION,193.89387116720724
10,HEURISTIC.SIMPLE_COLLISION,193.63231502367097
10,HEURISTIC.SIMPLE_COLLISION,194.24924983216172
10,HEURISTIC.SIMPLE_COLLISION,194.3900054741346
10,HEURISTIC.SIMPLE_COLLISION,194.37819387064872
10,HEURISTIC.SIMPLE_COLLISION,183.07554418953166
10,HEURISTIC.SIMPLE_COLLISION,206.69927308026263
10,HEURISTIC.SIMPLE_COLLISION,206.94798026408674
10,HEURISTIC.SIMPLE_COLLISION,206.57280675405218
10,HEURISTIC.SIMPLE_COLLISION,206.94348761901767
10,HEURISTIC.SIMPLE_COLLISION,207.27549898471293
10,HEURISTIC.SIMPLE_COLLISION,207.24308603735105
10,HEURISTIC.SIMPLE_COLLISION,207.83285629780397
10,HEURISTIC.SIMPLE_COLLISION,207.6404467187836
10,HEURISTIC.SIMPLE_COLLISION,182.7997984066525
10,HEURISTIC.SIMPLE_COLLISION,209.34038109346585
10,HEURISTIC.SIMPLE_COLLISION,209.2139147672554
10,HEURISTIC.SIMPLE_COLLISION,209.58908827728996
10,HEURISTIC.SIMPLE_COLLISION,209.47087497965288
10,HEURISTIC.SIMPLE_COLLISION,209.91660699791615
10,HEURISTIC.SIMPLE_COLLISION,183.64635307367612
10,HEURISTIC.SIMPLE_COLLISION,182.65612473670973
10,HEURISTIC.SIMPLE_COLLISION,209.46939937388362
10,HEURISTIC.SIMPLE_COLLISION,209.34293304767317
10,HEURISTIC.SIMPLE_COLLISION,209.71810655770776
10,HEURISTIC.SIMPLE_COLLISION,209.63238078723148
10,HEURISTIC.SIMPLE_COLLISION,210.04562527833392
10,HEURISTIC.SIMPLE_COLLISION,182.5961617195698
10,HEURISTIC.SIMPLE_COLLISION,210.35934396081953
10,HEURISTIC.SIMPLE_COLLISION,210.60805114464367
10,HEURISTIC.SIMPLE_COLLISION,210.41040828387887
10,HEURISTIC.SIMPLE_COLLISION,182.837957543988
10,HEURISTIC.SIMPLE_COLLISION,210.6216655638998
10,HEURISTIC.SIMPLE_COLLISION,210.87037274772393
10,HEURISTIC.SIMPLE_COLLISION,210.8846932670482
10,HEURISTIC.SIMPLE_COLLISION,170.91121936981747
10,HEURISTIC.SIMPLE_COLLISION,207.8238275226934
10,HEURISTIC.SIMPLE_COLLISION,208.3342387956511
10,HEURISTIC.SIMPLE_COLLISION,209.1324441088467
10,HEURISTIC.SIMPLE_COLLISION,208.37347412435267
10,HEURISTIC.SIMPLE_COLLISION,208.39400263417096
10,HEURISTIC.SIMPLE_COLLISION,208.7317411239131
10,HEURISTIC.SIMPLE_COLLISION,187.79772106996256
10,HEURISTIC.SIMPLE_COLLISION,208.23312232579764
10,HEURISTIC.SIMPLE_COLLISION,208.7827689274569
10,HEURISTIC.SIMPLE_COLLISION,208.74353359875533
10,HEURISTIC.SIMPLE_COLLISION,208.8032974372752
10,HEURISTIC.SIMPLE_COLLISION,209.14103592701736
10,HEURISTIC.SIMPLE_COLLISION,209.54173891195094
10,HEURISTIC.SIMPLE_COLLISION,209.7039624350569
10,HEURISTIC.SIMPLE_COLLISION,209.69100059865042
10,HEURISTIC.SIMPLE_COLLISION,187.76519681813153
10,HEURISTIC.SIMPLE_COLLISION,212.05263914637214
10,HEURISTIC.SIMPLE_COLLISION,212.60228574803142
10,HEURISTIC.SIMPLE_COLLISION,212.56305041932984
10,HEURISTIC.SIMPLE_COLLISION,212.6228142578497
10,HEURISTIC.SIMPLE_COLLISION,212.96055274759186
10,HEURISTIC.SIMPLE_COLLISION,213.36125573252545
10,HEURISTIC.SIMPLE_COLLISION,213.5234792556314
10,HEURISTIC.SIMPLE_COLLISION,186.99562852209007
10,HEURISTIC.SIMPLE_COLLISION,198.77714863835322
10,HEURISTIC.SIMPLE_COLLISION,199.06540900768636
10,HEURISTIC.SIMPLE_COLLISION,198.89950755174488
10,HEURISTIC.SIMPLE_COLLISION,200.09515451893787
10,HEURISTIC.SIMPLE_COLLISION,199.49021989774582
10,HEURISTIC.SIMPLE_COLLISION,199.74770218376477
10,HEURISTIC.SIMPLE_COLLISION,200.44176505526622
10,HEURISTIC.SIMPLE_COLLISION,187.02469541807034
10,HEURISTIC.SIMPLE_COLLISION,198.733602210726
10,HEURISTIC.SIMPLE_COLLISION,199.02186258005912
10,HEURISTIC.SIMPLE_COLLISION,198.85596112411764
10,HEURISTIC.SIMPLE_COLLISION,200.05160809131064
10,HEURISTIC.SIMPLE_COLLISION,199.44667347011858
10,HEURISTIC.SIMPLE_COLLISION,199.70415575613754
10,HEURISTIC.SIMPLE_COLLISION,200.28484515285868
10,HEURISTIC.SIMPLE_COLLISION,200.39821862763898
10,HEURISTIC.SIMPLE_COLLISION,186.94899401962618
10,HEURISTIC.SIMPLE_COLLISION,198.98204173570673
10,HEURISTIC.SIMPLE_COLLISION,199.27030210503986
10,HEURISTIC.SIMPLE_COLLISION,199.10440064909835
10,HEURISTIC.SIMPLE_COLLISION,199.6951129950993
10,HEURISTIC.SIMPLE_COLLISION,199.95259528111828
10,HEURISTIC.SIMPLE_COLLISION,200.6466581526197
10,HEURISTIC.SIMPLE_COLLISION,187.79725907947682
10,HEURISTIC.SIMPLE_COLLISION,212.51162291163575
10,HEURISTIC.SIMPLE_COLLISION,213.06126951329503
10,HEURISTIC.SIMPLE_COLLISION,213.02203418459345
10,HEURISTIC.SIMPLE_COLLISION,213.08179802311332
10,HEURISTIC.SIMPLE_COLLISION,213.41953651285547
10,HEURISTIC.SIMPLE_COLLISION,213.82023949778906
10,HEURISTIC.SIMPLE_COLLISION,213.98246302089504
10,HEURISTIC.SIMPLE_COLLISION,187.74350954914448
10,HEURISTIC.SIMPLE_COLLISION,209.0001992996643
10,HEURISTIC.SIMPLE_COLLISION,209.54984590132358
10,HEURISTIC.SIMPLE_COLLISION,209.57037441114187
10,HEURISTIC.SIMPLE_COLLISION,209.90811290088402
10,HEURISTIC.SIMPLE_COLLISION,209.510610572622
10,HEURISTIC.SIMPLE_COLLISION,210.4710394089236
10,HEURISTIC.SIMPLE_COLLISION,210.30881588581764
10,HEURISTIC.SIMPLE_COLLISION,210.45807757251708
10,HEURISTIC.SIMPLE_COLLISION,187.76351852482676
10,HEURISTIC.SIMPLE_COLLISION,212.0722513821696
10,HEURISTIC.SIMPLE_COLLISION,212.6218979838289
10,HEURISTIC.SIMPLE_COLLISION,212.5826626551273
10,HEURISTIC.SIMPLE_COLLISION,212.64242649364718
10,HEURISTIC.SIMPLE_COLLISION,212.98016498338933
10,HEURISTIC.SIMPLE_COLLISION,213.38086796832295
10,HEURISTIC.SIMPLE_COLLISION,213.54309149142892
10,HEURISTIC.SIMPLE_COLLISION,213.5301296550224
10,HEURISTIC.SIMPLE_COLLISION,188.35263909336044
10,HEURISTIC.SIMPLE_COLLISION,200.6686404843075
10,HEURISTIC.SIMPLE_COLLISION,200.95690085364066
10,HEURISTIC.SIMPLE_COLLISION,200.79099939769918
10,HEURISTIC.SIMPLE_COLLISION,187.4823297884339
10,HEURISTIC.SIMPLE_COLLISION,199.71649263435864
10,HEURISTIC.SIMPLE_COLLISION,200.0047530036918
10,HEURISTIC.SIMPLE_COLLISION,199.8388515477503
10,HEURISTIC.SIMPLE_COLLISION,200.4295638937512
10,HEURISTIC.SIMPLE_COLLISION,200.68704617977022
10,HEURISTIC.SIMPLE_COLLISION,201.3811090512716
10,HEURISTIC.SIMPLE_COLLISION,189.06538046925525
10,HEURISTIC.SIMPLE_COLLISION,202.55914144165598
10,HEURISTIC.SIMPLE_COLLISION,188.80189119093566
10,HEURISTIC.SIMPLE_COLLISION,202.0866243448756
10,HEURISTIC.SIMPLE_COLLISION,202.20898325826727
10,HEURISTIC.SIMPLE_COLLISION,202.37488471420875
10,HEURISTIC.SIMPLE_COLLISION,189.47334291286757
10,HEURISTIC.SIMPLE_COLLISION,203.41832193424685
10,HEURISTIC.SIMPLE_COLLISION,187.73581020977804
10,HEURISTIC.SIMPLE_COLLISION,214.5091319458135
10,HEURISTIC.SIMPLE_COLLISION,215.05877854747274
10,HEURISTIC.SIMPLE_COLLISION,215.07930705729103
10,HEURISTIC.SIMPLE_COLLISION,215.01954321877116
10,HEURISTIC.SIMPLE_COLLISION,215.4170455470332
10,HEURISTIC.SIMPLE_COLLISION,189.22247345292567
10,HEURISTIC.SIMPLE_COLLISION,203.01514642620128
10,HEURISTIC.SIMPLE_COLLISION,203.30340679553444
10,HEURISTIC.SIMPLE_COLLISION,166.79887121661946
10,HEURISTIC.SIMPLE_COLLISION,191.92565134052063
10,HEURISTIC.SIMPLE_COLLISION,191.45579644395548
10,HEURISTIC.SIMPLE_COLLISION,192.2810393092384
10,HEURISTIC.SIMPLE_COLLISION,191.7213883210224
10,HEURISTIC.SIMPLE_COLLISION,192.01948316570213
10,HEURISTIC.SIMPLE_COLLISION,192.77717361616578
10,HEURISTIC.SIMPLE_COLLISION,192.6364179741929
10,HEURISTIC.SIMPLE_COLLISION,192.76536201267987
10,HEURISTIC.SIMPLE_COLLISION,177.69745285186542
10,HEURISTIC.SIMPLE_COLLISION,191.34262668505755
10,HEURISTIC.SIMPLE_COLLISION,191.8124815816227
10,HEURISTIC.SIMPLE_COLLISION,192.1678695503405
10,HEURISTIC.SIMPLE_COLLISION,191.60821856212448
10,HEURISTIC.SIMPLE_COLLISION,191.9063134068042
10,HEURISTIC.SIMPLE_COLLISION,192.66400385726786
10,HEURISTIC.SIMPLE_COLLISION,192.52324821529498
10,HEURISTIC.SIMPLE_COLLISION,192.65219225378198
10,HEURISTIC.SIMPLE_COLLISION,178.42245495552814
10,HEURISTIC.SIMPLE_COLLISION,193.61587422426825
10,HEURISTIC.SIMPLE_COLLISION,193.1460193277031
10,HEURISTIC.SIMPLE_COLLISION,193.41161120477003
10,HEURISTIC.SIMPLE_COLLISION,193.97126219298602
10,HEURISTIC.SIMPLE_COLLISION,194.46739649991338
10,HEURISTIC.SIMPLE_COLLISION,193.70970604944978
10,HEURISTIC.SIMPLE_COLLISION,194.32664085794053
10,HEURISTIC.SIMPLE_COLLISION,194.45558489642752
10,HEURISTIC.SIMPLE_COLLISION,177.61569318071287
10,HEURISTIC.SIMPLE_COLLISION,192.45309244263655
10,HEURISTIC.SIMPLE_COLLISION,192.9229473392017
10,HEURISTIC.SIMPLE_COLLISION,193.2783353079195
10,HEURISTIC.SIMPLE_COLLISION,192.71868431970347
10,HEURISTIC.SIMPLE_COLLISION,193.0167791643832
10,HEURISTIC.SIMPLE_COLLISION,193.77446961484685
10,HEURISTIC.SIMPLE_COLLISION,193.63371397287398
10,HEURISTIC.SIMPLE_COLLISION,193.76265801136097
10,HEURISTIC.SIMPLE_COLLISION,178.84681856462353
10,HEURISTIC.SIMPLE_COLLISION,193.40235603096386
10,HEURISTIC.SIMPLE_COLLISION,193.66794790803078
10,HEURISTIC.SIMPLE_COLLISION,193.872210927529
10,HEURISTIC.SIMPLE_COLLISION,193.9660427527105
10,HEURISTIC.SIMPLE_COLLISION,194.58297756120126
10,HEURISTIC.SIMPLE_COLLISION,194.22759889624677
10,HEURISTIC.SIMPLE_COLLISION,194.71192159968825
10,HEURISTIC.SIMPLE_COLLISION,194.72373320317413
10,HEURISTIC.SIMPLE_COLLISION,177.62679224778805
10,HEURISTIC.SIMPLE_COLLISION,192.9968773187734
10,HEURISTIC.SIMPLE_COLLISION,192.52702242220826
10,HEURISTIC.SIMPLE_COLLISION,193.3522652874912
10,HEURISTIC.SIMPLE_COLLISION,192.7926142992752
10,HEURISTIC.SIMPLE_COLLISION,193.0907091439549
10,HEURISTIC.SIMPLE_COLLISION,193.84839959441854
10,HEURISTIC.SIMPLE_COLLISION,193.70764395244566
10,HEURISTIC.SIMPLE_COLLISION,193.83658799093268
10,HEURISTIC.SIMPLE_COLLISION,178.99710635740553
10,HEURISTIC.SIMPLE_COLLISION,194.23764661326356
10,HEURISTIC.SIMPLE_COLLISION,193.7677917166984
10,HEURISTIC.SIMPLE_COLLISION,194.03338359376534
10,HEURISTIC.SIMPLE_COLLISION,194.59303458198136
10,HEURISTIC.SIMPLE_COLLISION,194.33147843844506
10,HEURISTIC.SIMPLE_COLLISION,194.94841324693584
10,HEURISTIC.SIMPLE_COLLISION,195.08916888890872
10,HEURISTIC.SIMPLE_COLLISION,195.07735728542286
10,HEURISTIC.SIMPLE_COLLISION,178.9863496698572
10,HEURISTIC.SIMPLE_COLLISION,195.08118446969468
10,HEURISTIC.SIMPLE_COLLISION,195.55103936625983
10,HEURISTIC.SIMPLE_COLLISION,195.3467763467616
10,HEURISTIC.SIMPLE_COLLISION,195.9064273349776
10,HEURISTIC.SIMPLE_COLLISION,195.64487119144133
10,HEURISTIC.SIMPLE_COLLISION,196.26180599993208
10,HEURISTIC.SIMPLE_COLLISION,196.40256164190495
10,HEURISTIC.SIMPLE_COLLISION,196.39075003841907
10,HEURISTIC.SIMPLE_COLLISION,178.60531450211823
10,HEURISTIC.SIMPLE_COLLISION,195.01154798752287
10,HEURISTIC.SIMPLE_COLLISION,195.48140288408803
10,HEURISTIC.SIMPLE_COLLISION,195.2771398645898
10,HEURISTIC.SIMPLE_COLLISION,195.8367908528058
10,HEURISTIC.SIMPLE_COLLISION,195.57523470926952
10,HEURISTIC.SIMPLE_COLLISION,196.19216951776028
10,HEURISTIC.SIMPLE_COLLISION,196.33292515973315
10,HEURISTIC.SIMPLE_COLLISION,196.32111355624727
10,HEURISTIC.SIMPLE_COLLISION,182.16903380117986
10,HEURISTIC.SIMPLE_COLLISION,204.1493919516704
10,HEURISTIC.SIMPLE_COLLISION,204.3980991354945
10,HEURISTIC.SIMPLE_COLLISION,204.02292562545995
10,HEURISTIC.SIMPLE_COLLISION,204.39360649042544
10,HEURISTIC.SIMPLE_COLLISION,204.7256178561207
10,HEURISTIC.SIMPLE_COLLISION,204.69320490875882
10,HEURISTIC.SIMPLE_COLLISION,205.28297516921174
10,HEURISTIC.SIMPLE_COLLISION,205.09056559019137
10,HEURISTIC.SIMPLE_COLLISION,181.89328801830072
10,HEURISTIC.SIMPLE_COLLISION,206.87234756886568
10,HEURISTIC.SIMPLE_COLLISION,206.74588124265523
10,HEURISTIC.SIMPLE_COLLISION,207.1210547526898
10,HEURISTIC.SIMPLE_COLLISION,207.0028414550527
10,HEURISTIC.SIMPLE_COLLISION,207.44857347331597
10,HEURISTIC.SIMPLE_COLLISION,207.3024398733861
10,HEURISTIC.SIMPLE_COLLISION,208.00593078640702
10,HEURISTIC.SIMPLE_COLLISION,207.81352120738666
10,HEURISTIC.SIMPLE_COLLISION,182.73984268532433
10,HEURISTIC.SIMPLE_COLLISION,204.61836102246554
10,HEURISTIC.SIMPLE_COLLISION,204.86706820628967
10,HEURISTIC.SIMPLE_COLLISION,204.83182199787342
10,HEURISTIC.SIMPLE_COLLISION,205.2134143154542
10,HEURISTIC.SIMPLE_COLLISION,205.19458692691586
10,HEURISTIC.SIMPLE_COLLISION,205.50484661212323
10,HEURISTIC.SIMPLE_COLLISION,205.75194424000688
10,HEURISTIC.SIMPLE_COLLISION,181.7496143483579
10,HEURISTIC.SIMPLE_COLLISION,207.03245512073727
10,HEURISTIC.SIMPLE_COLLISION,206.90598879452682
10,HEURISTIC.SIMPLE_COLLISION,207.2811623045614
10,HEURISTIC.SIMPLE_COLLISION,207.19543653408513
10,HEURISTIC.SIMPLE_COLLISION,207.60868102518756
10,HEURISTIC.SIMPLE_COLLISION,207.49503495241854
10,HEURISTIC.SIMPLE_COLLISION,208.1660383382786
10,HEURISTIC.SIMPLE_COLLISION,207.97362875925825
10,HEURISTIC.SIMPLE_COLLISION,181.689651331218
10,HEURISTIC.SIMPLE_COLLISION,207.63398103947415
10,HEURISTIC.SIMPLE_COLLISION,207.8826882232983
10,HEURISTIC.SIMPLE_COLLISION,207.6850453625335
10,HEURISTIC.SIMPLE_COLLISION,208.21020694392445
10,HEURISTIC.SIMPLE_COLLISION,208.06663768011424
10,HEURISTIC.SIMPLE_COLLISION,208.3580699767833
10,HEURISTIC.SIMPLE_COLLISION,208.7675642570155
10,HEURISTIC.SIMPLE_COLLISION,208.6926394571087
10,HEURISTIC.SIMPLE_COLLISION,181.93144715563622
10,HEURISTIC.SIMPLE_COLLISION,207.85061595973224
10,HEURISTIC.SIMPLE_COLLISION,208.09932314355635
10,HEURISTIC.SIMPLE_COLLISION,208.1136436628806
10,HEURISTIC.SIMPLE_COLLISION,208.42684186418253
10,HEURISTIC.SIMPLE_COLLISION,208.49523598046136
10,HEURISTIC.SIMPLE_COLLISION,208.78666827713042
10,HEURISTIC.SIMPLE_COLLISION,208.98419917727358
10,HEURISTIC.SIMPLE_COLLISION,209.05024026930175
10,HEURISTIC.SIMPLE_COLLISION,183.2142714768528
10,HEURISTIC.SIMPLE_COLLISION,209.58472922379866
10,HEURISTIC.SIMPLE_COLLISION,208.82129605592039
10,HEURISTIC.SIMPLE_COLLISION,208.9657901841378
10,HEURISTIC.SIMPLE_COLLISION,209.96632154137944
10,HEURISTIC.SIMPLE_COLLISION,209.293308904764
10,HEURISTIC.SIMPLE_COLLISION,210.25775383804847
10,HEURISTIC.SIMPLE_COLLISION,166.7049272511085
10,HEURISTIC.SIMPLE_COLLISION,191.90380919751885
10,HEURISTIC.SIMPLE_COLLISION,191.4339543009537
10,HEURISTIC.SIMPLE_COLLISION,192.25919716623662
10,HEURISTIC.SIMPLE_COLLISION,191.69954617802063
10,HEURISTIC.SIMPLE_COLLISION,191.99764102270035
10,HEURISTIC.SIMPLE_COLLISION,192.755331473164
10,HEURISTIC.SIMPLE_COLLISION,192.61457583119113
10,HEURISTIC.SIMPLE_COLLISION,192.7435198696781
10,HEURISTIC.SIMPLE_COLLISION,177.7077372914324
10,HEURISTIC.SIMPLE_COLLISION,191.31928131518322
10,HEURISTIC.SIMPLE_COLLISION,191.78913621174837
10,HEURISTIC.SIMPLE_COLLISION,192.14452418046616
10,HEURISTIC.SIMPLE_COLLISION,191.58487319225014
10,HEURISTIC.SIMPLE_COLLISION,191.88296803692987
10,HEURISTIC.SIMPLE_COLLISION,192.64065848739352
10,HEURISTIC.SIMPLE_COLLISION,192.49990284542065
10,HEURISTIC.SIMPLE_COLLISION,192.62884688390764
10,HEURISTIC.SIMPLE_COLLISION,178.43273939509515
10,HEURISTIC.SIMPLE_COLLISION,193.58543389244326
10,HEURISTIC.SIMPLE_COLLISION,193.1155789958781
10,HEURISTIC.SIMPLE_COLLISION,193.38117087294503
10,HEURISTIC.SIMPLE_COLLISION,193.94082186116103
10,HEURISTIC.SIMPLE_COLLISION,194.4369561680884
10,HEURISTIC.SIMPLE_COLLISION,193.6792657176248
10,HEURISTIC.SIMPLE_COLLISION,194.29620052611554
10,HEURISTIC.SIMPLE_COLLISION,194.42514456460253
10,HEURISTIC.SIMPLE_COLLISION,177.62597762027985
10,HEURISTIC.SIMPLE_COLLISION,192.4247372510166
10,HEURISTIC.SIMPLE_COLLISION,192.89459214758176
10,HEURISTIC.SIMPLE_COLLISION,193.24998011629955
10,HEURISTIC.SIMPLE_COLLISION,192.69032912808353
10,HEURISTIC.SIMPLE_COLLISION,192.98842397276326
10,HEURISTIC.SIMPLE_COLLISION,193.7461144232269
10,HEURISTIC.SIMPLE_COLLISION,193.60535878125404
10,HEURISTIC.SIMPLE_COLLISION,193.73430281974103
10,HEURISTIC.SIMPLE_COLLISION,178.856578394774
10,HEURISTIC.SIMPLE_COLLISION,193.39919384334905
10,HEURISTIC.SIMPLE_COLLISION,193.66478572041598
10,HEURISTIC.SIMPLE_COLLISION,193.8690487399142
10,HEURISTIC.SIMPLE_COLLISION,193.9628805650957
10,HEURISTIC.SIMPLE_COLLISION,194.57981537358646
10,HEURISTIC.SIMPLE_COLLISION,194.22443670863197
10,HEURISTIC.SIMPLE_COLLISION,194.70875941207345
10,HEURISTIC.SIMPLE_COLLISION,194.72057101555933
10,HEURISTIC.SIMPLE_COLLISION,177.63707668735503
10,HEURISTIC.SIMPLE_COLLISION,192.96807295168998
10,HEURISTIC.SIMPLE_COLLISION,192.49821805512485
10,HEURISTIC.SIMPLE_COLLISION,193.3234609204078
10,HEURISTIC.SIMPLE_COLLISION,192.76380993219178
10,HEURISTIC.SIMPLE_COLLISION,193.0619047768715
10,HEURISTIC.SIMPLE_COLLISION,193.81959522733513
10,HEURISTIC.SIMPLE_COLLISION,193.67883958536225
10,HEURISTIC.SIMPLE_COLLISION,193.80778362384928
10,HEURISTIC.SIMPLE_COLLISION,179.00739079697252
10,HEURISTIC.SIMPLE_COLLISION,194.23378746838523
10,HEURISTIC.SIMPLE_COLLISION,193.76393257182008
10,HEURISTIC.SIMPLE_COLLISION,194.029524448887
10,HEURISTIC.SIMPLE_COLLISION,194.58917543710302
10,HEURISTIC.SIMPLE_COLLISION,194.32761929356673
10,HEURISTIC.SIMPLE_COLLISION,194.9445541020575
10,HEURISTIC.SIMPLE_COLLISION,195.08530974403038
10,HEURISTIC.SIMPLE_COLLISION,195.07349814054453
10,HEURISTIC.SIMPLE_COLLISION,178.99663410942418
10,HEURISTIC.SIMPLE_COLLISION,195.0591192945376
10,HEURISTIC.SIMPLE_COLLISION,195.52897419110275
10,HEURISTIC.SIMPLE_COLLISION,195.32471117160452
10,HEURISTIC.SIMPLE_COLLISION,195.8843621598205
10,HEURISTIC.SIMPLE_COLLISION,195.62280601628427
10,HEURISTIC.SIMPLE_COLLISION,196.23974082477503
10,HEURISTIC.SIMPLE_COLLISION,196.3804964667479
10,HEURISTIC.SIMPLE_COLLISION,196.36868486326205
10,HEURISTIC.SIMPLE_COLLISION,178.61559894168525
10,HEURISTIC.SIMPLE_COLLISION,194.97965195063955
10,HEURISTIC.SIMPLE_COLLISION,195.4495068472047
10,HEURISTIC.SIMPLE_COLLISION,195.24524382770647
10,HEURISTIC.SIMPLE_COLLISION,195.80489481592247
10,HEURISTIC.SIMPLE_COLLISION,195.5433386723862
10,HEURISTIC.SIMPLE_COLLISION,196.16027348087698
10,HEURISTIC.SIMPLE_COLLISION,196.30102912284985
10,HEURISTIC.SIMPLE_COLLISION,196.289217519364
10,HEURISTIC.SIMPLE_COLLISION,182.29158740178497
10,HEURISTIC.SIMPLE_COLLISION,204.22752819416115
10,HEURISTIC.SIMPLE_COLLISION,204.4762353779853
10,HEURISTIC.SIMPLE_COLLISION,204.10106186795073
10,HEURISTIC.SIMPLE_COLLISION,204.4717427329162
10,HEURISTIC.SIMPLE_COLLISION,204.80375409861148
10,HEURISTIC.SIMPLE_COLLISION,204.7713411512496
10,HEURISTIC.SIMPLE_COLLISION,205.3611114117025
10,HEURISTIC.SIMPLE_COLLISION,205.16870183268216
10,HEURISTIC.SIMPLE_COLLISION,182.0158416189058
10,HEURISTIC.SIMPLE_COLLISION,206.94463546511673
10,HEURISTIC.SIMPLE_COLLISION,206.81816913890628
10,HEURISTIC.SIMPLE_COLLISION,207.19334264894084
10,HEURISTIC.SIMPLE_COLLISION,207.07512935130376
10,HEURISTIC.SIMPLE_COLLISION,207.52086136956703
10,HEURISTIC.SIMPLE_COLLISION,207.37472776963716
10,HEURISTIC.SIMPLE_COLLISION,208.07821868265808
10,HEURISTIC.SIMPLE_COLLISION,207.8858091036377
10,HEURISTIC.SIMPLE_COLLISION,182.86239628592944
10,HEURISTIC.SIMPLE_COLLISION,204.70628724859858
10,HEURISTIC.SIMPLE_COLLISION,204.95499443242272
10,HEURISTIC.SIMPLE_COLLISION,204.91974822400647
10,HEURISTIC.SIMPLE_COLLISION,205.30134054158725
10,HEURISTIC.SIMPLE_COLLISION,205.2825131530489
10,HEURISTIC.SIMPLE_COLLISION,205.59277283825628
10,HEURISTIC.SIMPLE_COLLISION,205.83987046613993
10,HEURISTIC.SIMPLE_COLLISION,181.872167948963
10,HEURISTIC.SIMPLE_COLLISION,207.10221835673315
10,HEURISTIC.SIMPLE_COLLISION,206.9757520305227
10,HEURISTIC.SIMPLE_COLLISION,207.35092554055728
10,HEURISTIC.SIMPLE_COLLISION,207.265199770081
10,HEURISTIC.SIMPLE_COLLISION,207.67844426118344
10,HEURISTIC.SIMPLE_COLLISION,207.56479818841441
10,HEURISTIC.SIMPLE_COLLISION,208.2358015742745
10,HEURISTIC.SIMPLE_COLLISION,208.04339199525413
10,HEURISTIC.SIMPLE_COLLISION,181.8122049318231
10,HEURISTIC.SIMPLE_COLLISION,207.70240908467161
10,HEURISTIC.SIMPLE_COLLISION,207.95111626849575
10,HEURISTIC.SIMPLE_COLLISION,207.75347340773095
10,HEURISTIC.SIMPLE_COLLISION,208.27863498912194
10,HEURISTIC.SIMPLE_COLLISION,208.13506572531173
10,HEURISTIC.SIMPLE_COLLISION,208.42649802198076
10,HEURISTIC.SIMPLE_COLLISION,208.83599230221296
10,HEURISTIC.SIMPLE_COLLISION,208.76106750230616
10,HEURISTIC.SIMPLE_COLLISION,182.0540007562413
10,HEURISTIC.SIMPLE_COLLISION,207.920875649498
10,HEURISTIC.SIMPLE_COLLISION,208.16958283332212
10,HEURISTIC.SIMPLE_COLLISION,208.18390335264638
10,HEURISTIC.SIMPLE_COLLISION,208.4971015539483
10,HEURISTIC.SIMPLE_COLLISION,208.56549567022716
10,HEURISTIC.SIMPLE_COLLISION,208.8569279668962
10,HEURISTIC.SIMPLE_COLLISION,209.05445886703933
10,HEURISTIC.SIMPLE_COLLISION,183.33682507745786
10,HEURISTIC.SIMPLE_COLLISION,209.67299981850337
10,HEURISTIC.SIMPLE_COLLISION,208.9095666506251
10,HEURISTIC.SIMPLE_COLLISION,209.0540607788425
10,HEURISTIC.SIMPLE_COLLISION,210.05459213608412
10,HEURISTIC.SIMPLE_COLLISION,209.3815794994687
10,HEURISTIC.SIMPLE_COLLISION,165.61292648095167
10,HEURISTIC.SIMPLE_COLLISION,190.3304546932854
10,HEURISTIC.SIMPLE_COLLISION,189.86059979672024
10,HEURISTIC.SIMPLE_COLLISION,190.68584266200315
10,HEURISTIC.SIMPLE_COLLISION,190.12619167378716
10,HEURISTIC.SIMPLE_COLLISION,190.4242865184669
10,HEURISTIC.SIMPLE_COLLISION,191.18197696893054
10,HEURISTIC.SIMPLE_COLLISION,191.04122132695767
10,HEURISTIC.SIMPLE_COLLISION,191.17016536544463
10,HEURISTIC.SIMPLE_COLLISION,177.85943173295448
10,HEURISTIC.SIMPLE_COLLISION,190.95882481123422
10,HEURISTIC.SIMPLE_COLLISION,190.48896991466907
10,HEURISTIC.SIMPLE_COLLISION,190.754561791736
10,HEURISTIC.SIMPLE_COLLISION,191.314212779952
10,HEURISTIC.SIMPLE_COLLISION,191.81034708687935
10,HEURISTIC.SIMPLE_COLLISION,191.05265663641575
10,HEURISTIC.SIMPLE_COLLISION,191.6695914449065
10,HEURISTIC.SIMPLE_COLLISION,191.7985354833935
10,HEURISTIC.SIMPLE_COLLISION,177.13442962929173
10,HEURISTIC.SIMPLE_COLLISION,189.87662271940764
10,HEURISTIC.SIMPLE_COLLISION,190.34647761597276
10,HEURISTIC.SIMPLE_COLLISION,190.70186558469055
10,HEURISTIC.SIMPLE_COLLISION,190.14221459647456
10,HEURISTIC.SIMPLE_COLLISION,190.44030944115428
10,HEURISTIC.SIMPLE_COLLISION,191.1979998916179
10,HEURISTIC.SIMPLE_COLLISION,191.05724424964504
10,HEURISTIC.SIMPLE_COLLISION,191.18618828813203
10,HEURISTIC.SIMPLE_COLLISION,177.05266995813918
10,HEURISTIC.SIMPLE_COLLISION,190.07619692789615
10,HEURISTIC.SIMPLE_COLLISION,190.5460518244613
10,HEURISTIC.SIMPLE_COLLISION,190.9014397931791
10,HEURISTIC.SIMPLE_COLLISION,190.34178880496307
10,HEURISTIC.SIMPLE_COLLISION,190.6398836496428
10,HEURISTIC.SIMPLE_COLLISION,191.39757410010645
10,HEURISTIC.SIMPLE_COLLISION,191.25681845813358
10,HEURISTIC.SIMPLE_COLLISION,191.38576249662057
10,HEURISTIC.SIMPLE_COLLISION,178.28327073263333
10,HEURISTIC.SIMPLE_COLLISION,191.404165780666
10,HEURISTIC.SIMPLE_COLLISION,191.66975765773293
10,HEURISTIC.SIMPLE_COLLISION,191.87402067723116
10,HEURISTIC.SIMPLE_COLLISION,191.96785250241265
10,HEURISTIC.SIMPLE_COLLISION,192.5847873109034
10,HEURISTIC.SIMPLE_COLLISION,192.22940864594892
10,HEURISTIC.SIMPLE_COLLISION,192.7137313493904
10,HEURISTIC.SIMPLE_COLLISION,192.72554295287628
10,HEURISTIC.SIMPLE_COLLISION,178.43408313483184
10,HEURISTIC.SIMPLE_COLLISION,192.26445525430407
10,HEURISTIC.SIMPLE_COLLISION,191.79460035773894
10,HEURISTIC.SIMPLE_COLLISION,192.06019223480587
10,HEURISTIC.SIMPLE_COLLISION,192.61984322302186
10,HEURISTIC.SIMPLE_COLLISION,192.3582870794856
10,HEURISTIC.SIMPLE_COLLISION,192.97522188797635
10,HEURISTIC.SIMPLE_COLLISION,193.11597752994922
10,HEURISTIC.SIMPLE_COLLISION,193.10416592646334
10,HEURISTIC.SIMPLE_COLLISION,177.06376902521436
10,HEURISTIC.SIMPLE_COLLISION,191.15928614901554
10,HEURISTIC.SIMPLE_COLLISION,190.6894312524504
10,HEURISTIC.SIMPLE_COLLISION,191.5146741177333
10,HEURISTIC.SIMPLE_COLLISION,190.95502312951731
10,HEURISTIC.SIMPLE_COLLISION,191.25311797419704
10,HEURISTIC.SIMPLE_COLLISION,192.01080842466067
10,HEURISTIC.SIMPLE_COLLISION,191.87005278268782
10,HEURISTIC.SIMPLE_COLLISION,191.99899682117479
10,HEURISTIC.SIMPLE_COLLISION,178.4233264472835
10,HEURISTIC.SIMPLE_COLLISION,192.01163655198712
10,HEURISTIC.SIMPLE_COLLISION,192.48149144855228
10,HEURISTIC.SIMPLE_COLLISION,192.27722842905405
