planner,heuristic,num_objects,trial_num,est_cost,cost,states_explored,time_taken
HEURISTIC,LAZY,10,0,334.6766190861382,350.7564847264143,40,0.016787776
HEURISTIC,DILIGENT,10,0,350.9801190119968,351.0909347485023,40,0.45507227
HEURISTIC,ANTICIPATORY,10,0,329.32665924299954,350.7564847264143,40,0.038849035
HEURISTIC,ANTICIPATORY_ONCE,10,0,334.6766190861382,350.7564847264143,40,0.016991292
HEURISTIC,ANTICIPATORY_ONCE_DISCOUNT,10,0,332.56600539851274,350.7564847264143,40,0.016883327
MULTI_BOUND_G,MIXED_G,10,0,334.2749820075841,350.2275652633125,6785,6.16115491
HEURISTIC,LAZY,10,1,359.67536573459506,378.08618765919215,40,0.018335837
HEURISTIC,DILIGENT,10,1,389.2205270800682,389.58002266641273,40,0.569461347
HEURISTIC,ANTICIPATORY,10,1,359.67536573459506,378.08618765919215,40,0.039420417
HEURISTIC,ANTICIPATORY_ONCE,10,1,359.67536573459506,378.08618765919215,40,0.017679504
HEURISTIC,ANTICIPATORY_ONCE_DISCOUNT,10,1,359.87586684067537,378.08618765919215,40,0.017303824
MULTI_BOUND_G,MIXED_G,10,1,352.806791196263,371.73175232780045,6632,7.177036761
HEURISTIC,LAZY,10,2,415.3651094896962,439.2626185318715,40,0.017642303
HEURISTIC,DILIGENT,10,2,435.592757332553,436.04055966905537,40,0.684761675
HEURISTIC,ANTICIPATORY,10,2,414.2190722327731,439.2626185318715,40,0.039288877
HEURISTIC,ANTICIPATORY_ONCE,10,2,415.3651094896962,439.2626185318715,40,0.017456533
HEURISTIC,ANTICIPATORY_ONCE_DISCOUNT,10,2,415.50818068521653,439.2626185318715,40,0.017729008
MULTI_BOUND_G,MIXED_G,10,2,407.2679035612464,432.63964598876913,5952,5.250465315
HEURISTIC,LAZY,30,0,926.3732517803231,973.0534004306193,120,0.135940912
HEURISTIC,DILIGENT,30,0,983.9813802847158,985.5150548471338,120,4.276759581
HEURISTIC,ANTICIPATORY,30,0,902.7407086899558,975.1825939047565,120,0.621029574
HEURISTIC,ANTICIPATORY_ONCE,30,0,926.3732517803231,973.0534004306193,120,0.132617961
HEURISTIC,ANTICIPATORY_ONCE_DISCOUNT,30,0,912.9242460632837,979.9738674430353,120,0.135817167
MULTI_BOUND_G,MIXED_G,30,0,912.792930866261,959.2334129434856,5860,9.302890092
HEURISTIC,LAZY,30,1,884.3580629945698,932.811101192026,120,0.132616237
HEURISTIC,DILIGENT,30,1,949.7297902348956,949.879058543824,120,4.249732
HEURISTIC,ANTICIPATORY,30,1,861.972508785125,890.0107289201491,120,0.617221828
HEURISTIC,ANTICIPATORY_ONCE,30,1,884.3580629945698,932.811101192026,120,0.132264741
HEURISTIC,ANTICIPATORY_ONCE_DISCOUNT,30,1,871.8651783394497,907.346092560931,120,0.133862956
MULTI_BOUND_G,MIXED_G,30,1,866.1503485520067,914.2183853266276,6428,11.068838172
HEURISTIC,LAZY,30,2,1044.9010418743578,1096.8963162763862,120,0.134187398
HEURISTIC,DILIGENT,30,2,1086.0322943550616,1086.118272170761,120,4.884428289
HEURISTIC,ANTICIPATORY,30,2,1013.8046237143783,1089.7742036040333,120,0.607887131
HEURISTIC,ANTICIPATORY_ONCE,30,2,1044.9010418743578,1096.8963162763862,120,0.131114342
HEURISTIC,ANTICIPATORY_ONCE_DISCOUNT,30,2,1022.3915716400031,1080.0838951865649,120,0.130908782
MULTI_BOUND_G,MIXED_G,30,2,999.5088638123268,1049.1797075197887,6336,11.415011666
HEURISTIC,LAZY,50,0,1531.2791324866078,1603.9613831299241,200,0.466639613
HEURISTIC,DILIGENT,50,0,1608.1725132076251,1610.5176045628248,200,11.075073164
HEURISTIC,ANTICIPATORY,50,0,1499.240889334802,1582.15561971012,200,2.500934809
HEURISTIC,ANTICIPATORY_ONCE,50,0,1531.2791324866078,1603.9613831299241,200,0.351034595
HEURISTIC,ANTICIPATORY_ONCE_DISCOUNT,50,0,1509.4216650187398,1583.8606952799153,200,0.36558748
MULTI_BOUND_G,MIXED_G,50,0,1531.277259361195,1604.5793757537695,6472,17.669958703
HEURISTIC,LAZY,50,1,1427.8213665431572,1505.0400683001576,200,0.358807311
HEURISTIC,DILIGENT,50,1,1483.0557031230787,1484.8817694853838,200,10.638593053
HEURISTIC,ANTICIPATORY,50,1,1450.1491752248864,1551.2312321565626,200,2.577365067
HEURISTIC,ANTICIPATORY_ONCE,50,1,1427.8213665431572,1505.0400683001576,200,0.36571901
HEURISTIC,ANTICIPATORY_ONCE_DISCOUNT,50,1,1441.5013653525257,1524.530401758842,200,0.412036546
MULTI_BOUND_G,MIXED_G,50,1,1418.6581053708853,1493.6928247210133,7542,24.671219649
HEURISTIC,LAZY,50,2,1518.0866311903906,1595.4580211956725,200,0.362930044
HEURISTIC,DILIGENT,50,2,1570.1422741618778,1571.8580767568951,200,11.785112424
HEURISTIC,ANTICIPATORY,50,2,1503.5345022920615,1617.6802563021104,200,2.511963252
HEURISTIC,ANTICIPATORY_ONCE,50,2,1518.0866311903906,1595.4580211956725,200,0.402172815
HEURISTIC,ANTICIPATORY_ONCE_DISCOUNT,50,2,1531.7069912153088,1639.6608098446013,200,0.356232454
MULTI_BOUND_G,MIXED_G,50,2,1509.7111237884394,1586.1256221459653,5796,14.037948278
HEURISTIC,LAZY,100,0,2999.671426587952,3166.054950107448,400,1.444724513
HEURISTIC,DILIGENT,100,0,3181.193544415291,3184.46653149711,400,47.454599731
HEURISTIC,ANTICIPATORY,100,0,2860.3309464181707,3076.035929192063,400,18.434549052
HEURISTIC,ANTICIPATORY_ONCE,100,0,2999.671426587952,3166.054950107448,400,1.495985893
HEURISTIC,ANTICIPATORY_ONCE_DISCOUNT,100,0,2891.574078664301,3122.1378584285912,400,1.476163033
MULTI_BOUND_G,MIXED_G,100,0,2999.8604217969983,3164.6830941209423,7908,52.003013694
HEURISTIC,LAZY,100,1,2666.7010268161703,2820.9839351986543,400,1.507120369
HEURISTIC,DILIGENT,100,1,2787.8603571016647,2792.6838915782887,400,44.63364578
HEURISTIC,ANTICIPATORY,100,1,2695.545890965969,2956.3960670623733,400,18.489177479
HEURISTIC,ANTICIPATORY_ONCE,100,1,2666.7010268161703,2820.9839351986543,400,1.476979708
HEURISTIC,ANTICIPATORY_ONCE_DISCOUNT,100,1,2663.059742997418,2898.1102168533766,400,1.428298061
MULTI_BOUND_G,MIXED_G,100,1,2642.6373288794985,2796.300547675576,6084,28.383704726
HEURISTIC,LAZY,100,2,2611.752760997931,2764.8628811495723,400,1.491251667
HEURISTIC,DILIGENT,100,2,2715.00141194277,2722.484988993862,400,41.737584695
HEURISTIC,ANTICIPATORY,100,2,2553.9043632419975,2750.9626245100603,400,18.227463927
HEURISTIC,ANTICIPATORY_ONCE,100,2,2611.752760997931,2764.8628811495723,400,1.38599177
HEURISTIC,ANTICIPATORY_ONCE_DISCOUNT,100,2,2531.0940251584907,2741.4180051501507,400,1.392020599
MULTI_BOUND_G,MIXED_G,100,2,2581.5543366189654,2734.675432372328,6820,34.405162786
HEURISTIC,LAZY,150,0,4500.972984723925,4778.56143633497,600,3.252201209
HEURISTIC,DILIGENT,150,0,4713.974693907782,4726.347490636521,600,106.464064116
HEURISTIC,ANTICIPATORY,150,0,4463.939688640459,4868.623573762904,600,59.125953636
HEURISTIC,ANTICIPATORY_ONCE,150,0,4500.972984723925,4778.56143633497,600,3.229119777
HEURISTIC,ANTICIPATORY_ONCE_DISCOUNT,150,0,4483.02187841116,4877.442709380905,600,3.332488617
MULTI_BOUND_G,MIXED_G,150,0,4500.976451680279,4776.605977915833,8968,84.788331178
HEURISTIC,LAZY,150,1,4064.390247935345,4295.719478983765,600,3.300844904
HEURISTIC,DILIGENT,150,1,4251.515362548852,4262.483470380347,600,99.221757882
HEURISTIC,ANTICIPATORY,150,1,4319.597995516558,4586.283298181188,600,58.938369842
HEURISTIC,ANTICIPATORY_ONCE,150,1,4064.390247935345,4295.719478983765,600,3.153072049
HEURISTIC,ANTICIPATORY_ONCE_DISCOUNT,150,1,4254.99734104804,4546.730138008695,600,3.13387587
MULTI_BOUND_G,MIXED_G,150,1,4046.463624826845,4278.890332719728,7686,62.092397492
HEURISTIC,LAZY,150,2,4133.0512115251895,4379.426768464775,600,3.262343907
HEURISTIC,DILIGENT,150,2,4381.070166934143,4401.123964270975,600,100.645020272
HEURISTIC,ANTICIPATORY,150,2,4154.76061766561,4578.192292378154,600,59.119414401
HEURISTIC,ANTICIPATORY_ONCE,150,2,4133.0512115251895,4379.426768464775,600,3.147136759
HEURISTIC,ANTICIPATORY_ONCE_DISCOUNT,150,2,4078.802523132866,4470.180719647844,600,3.195363744
MULTI_BOUND_G,MIXED_G,150,2,4129.483453970607,4373.420338348856,7391,58.016173216
HEURISTIC,LAZY,200,0,5188.448324803513,5536.529555105175,800,5.736550173
HEURISTIC,DILIGENT,200,0,5467.182585306539,5485.124434494043,800,169.320557325
HEURISTIC,ANTICIPATORY,200,0,5067.593178440961,5832.257084293685,800,138.015014445
HEURISTIC,ANTICIPATORY_ONCE,200,0,5188.448324803513,5536.529555105175,800,5.802865257
HEURISTIC,ANTICIPATORY_ONCE_DISCOUNT,200,0,5076.862336161892,5699.265507198416,800,5.795209882
MULTI_BOUND_G,MIXED_G,200,0,5181.088222675738,5527.942235380335,8392,94.543938093
HEURISTIC,LAZY,200,1,5266.336684788439,5599.661901807579,800,5.76971348
HEURISTIC,DILIGENT,200,1,5604.932568587614,5615.832870595128,800,172.606647121
HEURISTIC,ANTICIPATORY,200,1,5264.375315423381,5924.118446069288,800,138.462074126
HEURISTIC,ANTICIPATORY_ONCE,200,1,5266.336684788439,5599.661901807579,800,6.179474991
HEURISTIC,ANTICIPATORY_ONCE_DISCOUNT,200,1,5177.285080833712,5803.1346964903305,800,5.990731538
MULTI_BOUND_G,MIXED_G,200,1,5251.65241316037,5585.079818218024,6772,72.289835765
HEURISTIC,LAZY,200,2,5225.398904390124,5578.544243123892,800,6.066367785
HEURISTIC,DILIGENT,200,2,5624.404376348104,5645.2196312095575,800,166.065369016
HEURISTIC,ANTICIPATORY,200,2,4990.900863813526,5995.434933850412,800,138.200813744
HEURISTIC,ANTICIPATORY_ONCE,200,2,5225.398904390124,5578.544243123892,800,6.481955689
HEURISTIC,ANTICIPATORY_ONCE_DISCOUNT,200,2,5028.531489309684,5851.05639001558,800,6.358872751
MULTI_BOUND_G,MIXED_G,200,2,5225.125709168454,5578.570387148084,8013,100.764152369
HEURISTIC,LAZY,250,0,6448.400904474944,6881.728580579252,1000,11.09273654
HEURISTIC,DILIGENT,250,0,6866.387151527997,6880.959198827603,1000,267.739242233
HEURISTIC,ANTICIPATORY,250,0,6412.974950742545,7409.986885474795,1000,272.824672234
HEURISTIC,ANTICIPATORY_ONCE,250,0,6448.400904474944,6881.728580579252,1000,13.368185099
HEURISTIC,ANTICIPATORY_ONCE_DISCOUNT,250,0,6425.322921774345,7284.430760000476,1000,11.735278832
MULTI_BOUND_G,MIXED_G,250,0,6431.81925159184,6867.489452807339,6808,97.868169371
HEURISTIC,LAZY,250,1,6609.105951120095,7068.493216022837,1000,9.681351258
HEURISTIC,DILIGENT,250,1,6961.8277221938915,6993.432508678751,1000,277.867698459
HEURISTIC,ANTICIPATORY,250,1,6808.516137700561,7580.392409795815,1000,269.024654421
HEURISTIC,ANTICIPATORY_ONCE,250,1,6609.105951120095,7068.493216022837,1000,10.052901601
HEURISTIC,ANTICIPATORY_ONCE_DISCOUNT,250,1,6617.071413577941,7352.695697119632,1000,10.081071111
MULTI_BOUND_G,MIXED_G,250,1,6607.859546977068,7067.5337381428935,7540,103.984125585
HEURISTIC,LAZY,250,2,6149.9976511534005,6599.418642935995,1000,9.037169872
HEURISTIC,DILIGENT,250,2,6587.969361473333,6600.502440339111,1000,245.371368802
HEURISTIC,ANTICIPATORY,250,2,5960.426146852501,7028.442634580759,1000,272.975968758
HEURISTIC,ANTICIPATORY_ONCE,250,2,6149.9976511534005,6599.418642935995,1000,10.375992031
HEURISTIC,ANTICIPATORY_ONCE_DISCOUNT,250,2,5915.687027533383,6876.486744936304,1000,10.659868292
MULTI_BOUND_G,MIXED_G,250,2,6133.840665802427,6580.755389671936,7332,97.476670182
HEURISTIC,LAZY,300,0,7471.691491324514,8058.670418745526,1200,13.401533303
HEURISTIC,DILIGENT,300,0,7993.3419113117425,8009.751958102077,1200,364.307837244
HEURISTIC,ANTICIPATORY,300,0,7371.3558946440435,8650.674090335055,1200,499.897021505
HEURISTIC,ANTICIPATORY_ONCE,300,0,7471.691491324514,8058.670418745526,1200,17.66103801
HEURISTIC,ANTICIPATORY_ONCE_DISCOUNT,300,0,7145.229436642376,8287.57132254577,1200,18.966644688
MULTI_BOUND_G,MIXED_G,300,0,7461.995165985621,8050.481504769689,8192,175.465038071
HEURISTIC,LAZY,300,1,7939.114430458632,8527.306831568454,1200,12.857959983
HEURISTIC,DILIGENT,300,1,8567.546458484383,8575.721834731006,1200,371.156461397
HEURISTIC,ANTICIPATORY,300,1,7454.738491984062,9600.68689391444,1200,455.042602822
HEURISTIC,ANTICIPATORY_ONCE,300,1,7939.114430458632,8527.306831568454,1200,12.719497194
HEURISTIC,ANTICIPATORY_ONCE_DISCOUNT,300,1,7461.15171088844,9413.733302926807,1200,12.870326177
MULTI_BOUND_G,MIXED_G,300,1,7923.6287362783405,8510.488269282198,7228,102.320424709
HEURISTIC,LAZY,300,2,7433.625267426679,8067.07568410189,1200,12.986757268
HEURISTIC,DILIGENT,300,2,8026.163313095704,8098.080445163797,1200,355.303160529
HEURISTIC,ANTICIPATORY,300,2,7248.45719209786,8663.182006218136,1200,451.300319568
HEURISTIC,ANTICIPATORY_ONCE,300,2,7433.625267426679,8067.07568410189,1200,12.759889328
HEURISTIC,ANTICIPATORY_ONCE_DISCOUNT,300,2,7268.097828860696,8543.105437831035,1200,12.679041815
MULTI_BOUND_G,MIXED_G,300,2,7426.7459589647715,8058.196097421458,7592,109.746011365
