mb_type,problem,trial_num,iter,cost
MULTI_BOUND_G,box,0,0,424.46617189644996
MULTI_BOUND_G,box,0,1,424.3236040152048
MULTI_BOUND_G,box,0,2,424.2557276331035
MULTI_BOUND_G,box,0,3,423.68553731248664
MULTI_BOUND_G,box,0,4,423.68881977165233
MULTI_BOUND_G,box,0,5,423.4750930491402
MULTI_BOUND_G,box,0,6,424.5148280923531
MULTI_BOUND_G,box,0,7,424.5181105515189
MULTI_BOUND_G,box,0,8,424.30438382900667
MULTI_BOUND_G,box,0,9,424.890980020316
MULTI_BOUND_G,box,0,10,426.1081473563171
MULTI_BOUND_G,box,0,11,424.7393667196798
MULTI_BOUND_G,box,0,12,425.9565340556809
MULTI_BOUND_G,box,0,13,424.7152996454571
MULTI_BOUND_G,box,0,14,425.9324669814581
MULTI_BOUND_G,box,0,15,425.7726342086396
MULTI_BOUND_G,box,0,16,425.6300663273944
MULTI_BOUND_G,box,0,17,423.70672540405224
MULTI_BOUND_G,box,0,18,424.98083587516993
MULTI_BOUND_G,box,0,19,424.9841183343356
MULTI_BOUND_G,box,0,20,423.5297663508381
MULTI_BOUND_G,box,0,21,424.2486966727249
MULTI_BOUND_G,box,0,22,425.8308044249271
MULTI_BOUND_G,box,0,23,424.0625462501806
MULTI_BOUND_G,box,0,24,424.1560874525676
MULTI_BOUND_G,box,0,25,432.212465908488
MULTI_BOUND_G,box,0,26,424.4649572801959
MULTI_BOUND_G,box,0,27,431.65568446486975
MULTI_BOUND_G,box,0,28,424.1342233786552
MULTI_BOUND_G,box,0,29,431.15515611965225
MULTI_BOUND_G,box,0,30,424.4322175311109
MULTI_BOUND_G,box,0,31,428.96758253881546
MULTI_BOUND_G,box,0,32,428.8250146575703
MULTI_BOUND_G,box,0,33,428.75713827546895
MULTI_BOUND_G,box,0,34,427.98068301401054
MULTI_BOUND_G,box,0,35,427.8381151327654
MULTI_BOUND_G,box,0,36,427.770238750664
MULTI_BOUND_G,box,0,37,424.3899346352446
MULTI_BOUND_G,box,0,38,424.39402489995933
MULTI_BOUND_G,box,0,39,424.6047340636412
MULTI_BOUND_G,box,0,40,424.84651528450235
MULTI_BOUND_G,box,0,41,423.60482202563975
MULTI_BOUND_G,box,0,42,423.81553118932163
MULTI_BOUND_G,box,0,43,424.05731241018276
MULTI_BOUND_G,box,0,44,423.6193533016755
MULTI_BOUND_G,box,0,45,423.8300624653574
MULTI_BOUND_G,box,0,46,424.07184368621853
MULTI_BOUND_G,box,0,47,424.5056952446382
MULTI_BOUND_G,box,0,48,425.022446375992
MULTI_BOUND_G,box,0,49,424.34175160136266
MULTI_BOUND_G,box,0,50,424.85009500032237
MULTI_BOUND_G,box,0,51,425.14403799069845
MULTI_BOUND_G,box,0,52,425.43377106333645
MULTI_BOUND_G,box,0,53,425.12724606755137
MULTI_BOUND_G,box,0,54,425.4067477056594
MULTI_BOUND_G,box,0,55,428.4648137775639
MULTI_BOUND_G,box,0,56,428.32224589631875
MULTI_BOUND_G,box,0,57,428.2543695142174
MULTI_BOUND_G,box,0,58,429.5008076565506
MULTI_BOUND_G,box,0,59,429.35823977530544
MULTI_BOUND_G,box,0,60,423.7365655783424
MULTI_BOUND_G,box,0,61,424.9084222122685
MULTI_BOUND_G,box,0,62,424.82302122328605
MULTI_BOUND_G,box,0,63,425.03373038696793
MULTI_BOUND_G,box,0,64,425.27551160782906
MULTI_BOUND_G,box,0,65,424.06546472887163
MULTI_BOUND_G,box,0,66,424.2761738925535
MULTI_BOUND_G,box,0,67,424.51795511341464
MULTI_BOUND_G,box,0,68,424.0562860375523
MULTI_BOUND_G,box,0,69,424.2669952012342
MULTI_BOUND_G,box,0,70,424.5087764220953
MULTI_BOUND_G,box,0,71,428.8434349508678
MULTI_BOUND_G,box,0,72,428.70086706962263
MULTI_BOUND_G,box,0,73,428.63299068752127
MULTI_BOUND_G,box,0,74,427.8523220974125
MULTI_BOUND_G,box,0,75,427.70975421616737
MULTI_BOUND_G,box,0,76,427.641877834066
MULTI_BOUND_G,box,0,77,424.26420833367604
MULTI_BOUND_G,box,0,78,424.26503662316185
MULTI_BOUND_G,box,0,79,424.47574578684373
MULTI_BOUND_G,box,0,80,424.71752700770486
MULTI_BOUND_G,box,0,81,423.4758251520705
MULTI_BOUND_G,box,0,82,423.6865343157524
MULTI_BOUND_G,box,0,83,423.9283155366135
MULTI_BOUND_G,box,0,84,423.4902180927934
MULTI_BOUND_G,box,0,85,423.70092725647527
MULTI_BOUND_G,box,0,86,423.9427084773364
MULTI_BOUND_G,box,0,87,428.33102339941024
MULTI_BOUND_G,box,0,88,428.1884555181651
MULTI_BOUND_G,box,0,89,428.1205791360637
MULTI_BOUND_G,box,0,90,429.374094091201
MULTI_BOUND_G,box,0,91,429.23152620995586
MULTI_BOUND_G,box,0,92,423.6098520129928
MULTI_BOUND_G,box,0,93,424.77905891510494
MULTI_BOUND_G,box,0,94,424.6855959895968
MULTI_BOUND_G,box,0,95,424.89630515327866
MULTI_BOUND_G,box,0,96,425.1380863741398
MULTI_BOUND_G,box,0,97,423.9291902426312
MULTI_BOUND_G,box,0,98,424.1398994063131
MULTI_BOUND_G,box,0,99,424.3816806271742
MULTI_BOUND_G,box,0,100,423.91900533415793
MULTI_BOUND_G,box,0,101,424.1297144978398
MULTI_BOUND_G,box,0,102,424.37149571870094
MULTI_BOUND_G,box,0,103,425.7610282715691
MULTI_BOUND_G,box,0,104,425.5864066432055
MULTI_BOUND_G,box,0,105,426.2982470588265
MULTI_BOUND_G,box,0,106,426.11485866494723
MULTI_BOUND_G,box,0,107,426.2259774371167
MULTI_BOUND_G,box,0,108,426.5353396141201
MULTI_BOUND_G,box,0,109,426.2038701622453
MULTI_BOUND_G,box,0,110,426.50250661205433
MULTI_BOUND_G,box,0,111,424.3161923698538
MULTI_BOUND_G,box,0,112,424.98302705871794
MULTI_BOUND_G,box,0,113,422.6195322405753
MULTI_BOUND_G,box,0,114,422.69575547009555
MULTI_BOUND_G,box,0,115,422.86131346143645
MULTI_BOUND_G,box,0,116,426.2947023857855
MULTI_BOUND_G,box,0,117,422.42618253738004
MULTI_BOUND_G,box,0,118,422.21547337369816
MULTI_BOUND_G,box,0,119,422.66796375824117
MULTI_BOUND_G,box,0,120,423.0428217376779
MULTI_BOUND_G,box,0,121,423.2535309013598
MULTI_BOUND_G,box,0,122,423.4953121222209
MULTI_BOUND_G,box,0,123,423.43935894364284
MULTI_BOUND_G,box,0,124,424.7850615867281
MULTI_BOUND_G,box,0,125,425.49835272444534
MULTI_BOUND_G,box,0,126,422.82413213997415
MULTI_BOUND_G,box,0,127,422.9003553694944
MULTI_BOUND_G,box,0,128,423.0659133608353
MULTI_BOUND_G,box,0,129,422.64340684009125
MULTI_BOUND_G,box,0,130,422.43269767640936
MULTI_BOUND_G,box,0,131,422.8851880609524
MULTI_BOUND_G,box,0,132,426.79267643170976
MULTI_BOUND_G,box,0,133,423.2341742377718
MULTI_BOUND_G,box,0,134,423.4448834014537
MULTI_BOUND_G,box,0,135,423.6866646223148
MULTI_BOUND_G,box,0,136,422.95810454022904
MULTI_BOUND_G,box,0,137,424.31694273128176
MULTI_BOUND_G,box,0,138,424.99514304166047
MULTI_BOUND_G,box,0,139,422.6183859886836
MULTI_BOUND_G,box,0,140,422.6946092182038
MULTI_BOUND_G,box,0,141,422.8601672095447
MULTI_BOUND_G,box,0,142,426.30226359986415
MULTI_BOUND_G,box,0,143,422.42266366919984
MULTI_BOUND_G,box,0,144,422.21195450551795
MULTI_BOUND_G,box,0,145,422.66444489006096
MULTI_BOUND_G,box,0,146,423.0441051221901
MULTI_BOUND_G,box,0,147,423.254814285872
MULTI_BOUND_G,box,0,148,423.4965955067331
MULTI_BOUND_G,box,0,149,423.4497799702143
MULTI_BOUND_G,box,0,150,424.79073122593843
MULTI_BOUND_G,box,0,151,425.5177252053972
MULTI_BOUND_G,box,0,152,422.815253319944
MULTI_BOUND_G,box,0,153,422.89147654946424
MULTI_BOUND_G,box,0,154,423.05703454080515
MULTI_BOUND_G,box,0,155,422.6328767461793
MULTI_BOUND_G,box,0,156,422.4221675824974
MULTI_BOUND_G,box,0,157,422.87465796704043
MULTI_BOUND_G,box,0,158,426.80629696107815
MULTI_BOUND_G,box,0,159,423.22747060666103
MULTI_BOUND_G,box,0,160,423.4381797703429
MULTI_BOUND_G,box,0,161,423.67996099120404
MULTI_BOUND_G,box,0,162,424.5349535512231
MULTI_BOUND_G,box,0,163,424.39238566997795
MULTI_BOUND_G,box,0,164,422.4690447466358
MULTI_BOUND_G,box,0,165,422.98996759817055
MULTI_BOUND_G,box,0,166,423.7543189672598
MULTI_BOUND_G,box,0,167,423.7576014264255
MULTI_BOUND_G,box,0,168,422.30324944292795
MULTI_BOUND_G,box,0,169,424.5836097471263
MULTI_BOUND_G,box,0,170,422.81535157237977
MULTI_BOUND_G,box,0,171,423.0976048961045
MULTI_BOUND_G,box,0,172,423.3862554043529
MULTI_BOUND_G,box,0,173,423.08117869929225
MULTI_BOUND_G,box,0,174,423.3594782165514
MULTI_BOUND_G,box,0,175,423.79286360007654
MULTI_BOUND_G,box,0,176,423.6159045468624
MULTI_BOUND_G,box,0,177,424.3348348687492
MULTI_BOUND_G,box,0,178,424.1486844462049
MULTI_BOUND_G,box,0,179,424.2422256485919
MULTI_BOUND_G,box,0,180,424.5510954762202
MULTI_BOUND_G,box,0,181,424.2203615746795
MULTI_BOUND_G,box,0,182,424.5183557271352
MULTI_BOUND_G,box,0,183,424.5489033637441
MULTI_BOUND_G,box,0,184,425.0656544950979
MULTI_BOUND_G,box,0,185,424.38495972046854
MULTI_BOUND_G,box,0,186,424.89330311942825
MULTI_BOUND_G,box,0,187,425.18724610980433
MULTI_BOUND_G,box,0,188,425.47697918244234
MULTI_BOUND_G,box,0,189,425.17045418665725
MULTI_BOUND_G,box,0,190,425.4499558247653
MULTI_BOUND_G,box,0,191,423.5456271983237
MULTI_BOUND_G,box,0,192,428.322969751727
MULTI_BOUND_G,box,0,193,422.82827047551064
MULTI_BOUND_G,box,0,194,424.732221372961
MULTI_BOUND_G,box,0,195,424.7363116376758
MULTI_BOUND_G,box,0,196,424.94702080135767
MULTI_BOUND_G,box,0,197,425.1888020222188
MULTI_BOUND_G,box,0,198,423.9471087633562
MULTI_BOUND_G,box,0,199,424.1578179270381
MULTI_BOUND_G,box,0,200,424.3995991478992
MULTI_BOUND_G,box,0,201,423.96164003939197
MULTI_BOUND_G,box,0,202,424.17234920307385
MULTI_BOUND_G,box,0,203,424.414130423935
MULTI_BOUND_G,box,0,204,423.3395141804309
MULTI_BOUND_G,box,0,205,424.10596525742574
MULTI_BOUND_G,box,0,206,425.27782189135183
MULTI_BOUND_G,box,0,207,425.1924209023694
MULTI_BOUND_G,box,0,208,425.4031300660513
MULTI_BOUND_G,box,0,209,425.6449112869124
MULTI_BOUND_G,box,0,210,424.434864407955
MULTI_BOUND_G,box,0,211,424.6455735716369
MULTI_BOUND_G,box,0,212,424.887354792498
MULTI_BOUND_G,box,0,213,424.42568571663566
MULTI_BOUND_G,box,0,214,424.63639488031754
MULTI_BOUND_G,box,0,215,424.87817610117867
MULTI_BOUND_G,box,0,216,423.41147169577783
MULTI_BOUND_G,box,0,217,428.1846009205308
MULTI_BOUND_G,box,0,218,422.68990164431443
MULTI_BOUND_G,box,0,219,424.5964871567943
MULTI_BOUND_G,box,0,220,424.5973154462801
MULTI_BOUND_G,box,0,221,424.808024609962
MULTI_BOUND_G,box,0,222,425.0498058308231
MULTI_BOUND_G,box,0,223,423.80810397518877
MULTI_BOUND_G,box,0,224,424.01881313887066
MULTI_BOUND_G,box,0,225,424.2605943597318
MULTI_BOUND_G,box,0,226,423.82249691591164
MULTI_BOUND_G,box,0,227,424.0332060795935
MULTI_BOUND_G,box,0,228,424.27498730045465
MULTI_BOUND_G,box,0,229,423.1948912844048
MULTI_BOUND_G,box,0,230,423.9684191742037
MULTI_BOUND_G,box,0,231,425.1376260763158
MULTI_BOUND_G,box,0,232,425.04416315080766
MULTI_BOUND_G,box,0,233,425.25487231448955
MULTI_BOUND_G,box,0,234,425.4966535353507
MULTI_BOUND_G,box,0,235,424.2877574038421
MULTI_BOUND_G,box,0,236,424.49846656752396
MULTI_BOUND_G,box,0,237,424.7402477883851
MULTI_BOUND_G,box,0,238,424.2775724953688
MULTI_BOUND_G,box,0,239,424.4882816590507
MULTI_BOUND_G,box,0,240,424.7300628799118
MULTI_BOUND_G,box,0,241,425.82187460304186
MULTI_BOUND_G,box,0,242,425.6472529746782
MULTI_BOUND_G,box,0,243,426.3590933902992
MULTI_BOUND_G,box,0,244,426.17570499642
MULTI_BOUND_G,box,0,245,426.2868237685895
MULTI_BOUND_G,box,0,246,426.59618594559294
MULTI_BOUND_G,box,0,247,426.26471649371814
MULTI_BOUND_G,box,0,248,426.5633529435271
MULTI_BOUND_G,box,0,249,423.10956987423725
MULTI_BOUND_G,box,0,250,424.47197109644543
MULTI_BOUND_G,box,0,251,425.13880578530956
MULTI_BOUND_G,box,0,252,422.77531096716694
MULTI_BOUND_G,box,0,253,422.85153419668717
MULTI_BOUND_G,box,0,254,423.0170921880281
MULTI_BOUND_G,box,0,255,426.45048111237713
MULTI_BOUND_G,box,0,256,422.58196126397166
MULTI_BOUND_G,box,0,257,422.3712521002898
MULTI_BOUND_G,box,0,258,422.8237424848328
MULTI_BOUND_G,box,0,259,423.19860046426953
MULTI_BOUND_G,box,0,260,423.4093096279514
MULTI_BOUND_G,box,0,261,423.65109084881254
MULTI_BOUND_G,box,0,262,423.6180830746497
MULTI_BOUND_G,box,0,263,424.96378571773494
MULTI_BOUND_G,box,0,264,425.6770768554522
MULTI_BOUND_G,box,0,265,423.002856270981
MULTI_BOUND_G,box,0,266,423.0790795005012
MULTI_BOUND_G,box,0,267,423.2446374918421
MULTI_BOUND_G,box,0,268,422.82213097109815
MULTI_BOUND_G,box,0,269,422.61142180741626
MULTI_BOUND_G,box,0,270,423.0639121919593
MULTI_BOUND_G,box,0,271,426.9714005627166
MULTI_BOUND_G,box,0,272,423.41289836877866
MULTI_BOUND_G,box,0,273,423.62360753246054
MULTI_BOUND_G,box,0,274,423.86538875332167
MULTI_BOUND_G,box,0,275,423.11104470404223
MULTI_BOUND_G,box,0,276,424.46988289509494
MULTI_BOUND_G,box,0,277,425.14808320547365
MULTI_BOUND_G,box,0,278,422.7713261524968
MULTI_BOUND_G,box,0,279,422.847549382017
MULTI_BOUND_G,box,0,280,423.0131073733579
MULTI_BOUND_G,box,0,281,426.45520376367733
MULTI_BOUND_G,box,0,282,422.575603833013
MULTI_BOUND_G,box,0,283,422.36489466933114
MULTI_BOUND_G,box,0,284,422.81738505387415
MULTI_BOUND_G,box,0,285,423.1970452860033
MULTI_BOUND_G,box,0,286,423.40775444968517
MULTI_BOUND_G,box,0,287,423.6495356705463
MULTI_BOUND_G,box,0,288,423.624928769449
MULTI_BOUND_G,box,0,289,424.96588002517313
MULTI_BOUND_G,box,0,290,425.6928740046319
MULTI_BOUND_G,box,0,291,422.9904021191787
MULTI_BOUND_G,box,0,292,423.06662534869895
MULTI_BOUND_G,box,0,293,423.23218334003985
MULTI_BOUND_G,box,0,294,422.808025545414
MULTI_BOUND_G,box,0,295,422.5973163817321
MULTI_BOUND_G,box,0,296,423.04980676627514
MULTI_BOUND_G,box,0,297,426.98144576031285
MULTI_BOUND_G,box,0,298,423.40261940589573
MULTI_BOUND_G,box,0,299,423.6133285695776
MULTI_BOUND_G,box,0,300,423.85510979043875
MULTI_BOUND_G,box,0,301,424.1801921710872
MULTI_BOUND_G,box,0,302,424.70111502262193
MULTI_BOUND_G,box,0,303,424.01439686737933
MULTI_BOUND_G,box,0,304,424.52649899683115
MULTI_BOUND_G,box,0,305,424.80875232055587
MULTI_BOUND_G,box,0,306,425.09740282880426
MULTI_BOUND_G,box,0,307,424.79232612374363
MULTI_BOUND_G,box,0,308,425.0706256410028
MULTI_BOUND_G,box,0,309,425.49243420432293
MULTI_BOUND_G,box,0,310,425.3154751511088
MULTI_BOUND_G,box,0,311,426.03440547299556
MULTI_BOUND_G,box,0,312,425.8482550504513
MULTI_BOUND_G,box,0,313,425.9417962528383
MULTI_BOUND_G,box,0,314,426.2506660804666
MULTI_BOUND_G,box,0,315,425.9199321789259
MULTI_BOUND_G,box,0,316,426.21792633138153
MULTI_BOUND_G,box,0,317,423.0756247416069
MULTI_BOUND_G,box,0,318,425.0223837569457
MULTI_BOUND_G,box,0,319,424.30502703413265
MULTI_BOUND_G,box,0,320,426.20897793158304
MULTI_BOUND_G,box,0,321,426.2130681962978
MULTI_BOUND_G,box,0,322,426.4237773599797
MULTI_BOUND_G,box,0,323,426.6655585808408
MULTI_BOUND_G,box,0,324,425.4238653219782
MULTI_BOUND_G,box,0,325,425.6345744856601
MULTI_BOUND_G,box,0,326,425.8763557065212
MULTI_BOUND_G,box,0,327,425.438396598014
MULTI_BOUND_G,box,0,328,425.64910576169586
MULTI_BOUND_G,box,0,329,425.890886982557
MULTI_BOUND_G,box,0,330,426.2765276694083
MULTI_BOUND_G,box,0,331,426.7932788007621
MULTI_BOUND_G,box,0,332,426.11258402613277
MULTI_BOUND_G,box,0,333,426.6209274250925
MULTI_BOUND_G,box,0,334,426.91487041546856
MULTI_BOUND_G,box,0,335,427.20460348810656
MULTI_BOUND_G,box,0,336,426.8980784923215
MULTI_BOUND_G,box,0,337,427.17758013042953
MULTI_BOUND_G,box,0,338,423.5713046558182
MULTI_BOUND_G,box,0,339,424.7873588340974
MULTI_BOUND_G,box,0,340,425.55380991109223
MULTI_BOUND_G,box,0,341,426.7256665450183
MULTI_BOUND_G,box,0,342,426.6402655560359
MULTI_BOUND_G,box,0,343,426.8509747197178
MULTI_BOUND_G,box,0,344,422.2577401176635
MULTI_BOUND_G,box,0,345,425.8827090616215
MULTI_BOUND_G,box,0,346,426.09341822530337
MULTI_BOUND_G,box,0,347,426.3351994461645
MULTI_BOUND_G,box,0,348,425.87353037030215
MULTI_BOUND_G,box,0,349,426.08423953398403
MULTI_BOUND_G,box,0,350,422.2460187170933
MULTI_BOUND_G,box,0,351,422.9483808435129
MULTI_BOUND_G,box,0,352,424.89861789426163
MULTI_BOUND_G,box,0,353,424.1770478427982
MULTI_BOUND_G,box,0,354,426.0836333552781
MULTI_BOUND_G,box,0,355,426.0844616447639
MULTI_BOUND_G,box,0,356,426.2951708084458
MULTI_BOUND_G,box,0,357,426.5369520293069
MULTI_BOUND_G,box,0,358,425.29525017367257
MULTI_BOUND_G,box,0,359,425.50595933735445
MULTI_BOUND_G,box,0,360,425.7477405582156
MULTI_BOUND_G,box,0,361,425.30964311439544
MULTI_BOUND_G,box,0,362,425.5203522780773
MULTI_BOUND_G,box,0,363,425.76213349893845
MULTI_BOUND_G,box,0,364,423.4399822552402
MULTI_BOUND_G,box,0,365,424.6543649712344
MULTI_BOUND_G,box,0,366,425.42789286103334
MULTI_BOUND_G,box,0,367,426.5970997631455
MULTI_BOUND_G,box,0,368,426.5036368376373
MULTI_BOUND_G,box,0,369,426.7143460013192
MULTI_BOUND_G,box,0,370,426.9561272221803
MULTI_BOUND_G,box,0,371,425.74723109067173
MULTI_BOUND_G,box,0,372,425.9579402543536
MULTI_BOUND_G,box,0,373,426.19972147521474
MULTI_BOUND_G,box,0,374,425.73704618219847
MULTI_BOUND_G,box,0,375,425.94775534588035
MULTI_BOUND_G,box,0,376,426.1895365667415
MULTI_BOUND_G,box,0,377,427.538430121262
MULTI_BOUND_G,box,0,378,427.3638084928984
MULTI_BOUND_G,box,0,379,428.0756489085194
MULTI_BOUND_G,box,0,380,427.89226051464016
MULTI_BOUND_G,box,0,381,428.00337928680966
MULTI_BOUND_G,box,0,382,428.3127414638131
MULTI_BOUND_G,box,0,383,427.9812720119383
MULTI_BOUND_G,box,0,384,428.27990846174725
MULTI_BOUND_G,box,0,385,424.75833785262375
MULTI_BOUND_G,box,0,386,426.12073907483193
MULTI_BOUND_G,box,0,387,426.78757376369606
MULTI_BOUND_G,box,0,388,424.42407894555345
MULTI_BOUND_G,box,0,389,424.50030217507367
MULTI_BOUND_G,box,0,390,424.6658601664146
MULTI_BOUND_G,box,0,391,428.09924909076364
MULTI_BOUND_G,box,0,392,424.23072924235817
MULTI_BOUND_G,box,0,393,424.0200200786763
MULTI_BOUND_G,box,0,394,424.4725104632193
MULTI_BOUND_G,box,0,395,424.84736844265603
MULTI_BOUND_G,box,0,396,425.0580776063379
MULTI_BOUND_G,box,0,397,425.29985882719905
MULTI_BOUND_G,box,0,398,425.2482841844556
MULTI_BOUND_G,box,0,399,426.59398682754085
MULTI_BOUND_G,box,0,400,427.3072779652581
MULTI_BOUND_G,box,0,401,424.6330573807869
MULTI_BOUND_G,box,0,402,424.70928061030713
MULTI_BOUND_G,box,0,403,424.87483860164804
MULTI_BOUND_G,box,0,404,422.3401399002973
MULTI_BOUND_G,box,0,405,424.452332080904
MULTI_BOUND_G,box,0,406,424.2416229172221
MULTI_BOUND_G,box,0,407,424.6941133017651
MULTI_BOUND_G,box,0,408,428.6016016725225
MULTI_BOUND_G,box,0,409,425.04309947858457
MULTI_BOUND_G,box,0,410,425.25380864226645
MULTI_BOUND_G,box,0,411,425.4955898631276
MULTI_BOUND_G,box,0,412,424.76211872958277
MULTI_BOUND_G,box,0,413,426.1209569206355
MULTI_BOUND_G,box,0,414,426.7991572310142
MULTI_BOUND_G,box,0,415,424.4224001780373
MULTI_BOUND_G,box,0,416,424.49862340755755
MULTI_BOUND_G,box,0,417,424.66418139889845
MULTI_BOUND_G,box,0,418,428.10627778921787
MULTI_BOUND_G,box,0,419,424.22667785855356
MULTI_BOUND_G,box,0,420,424.0159686948717
MULTI_BOUND_G,box,0,421,424.4684590794147
MULTI_BOUND_G,box,0,422,424.8481193115438
MULTI_BOUND_G,box,0,423,425.0588284752257
MULTI_BOUND_G,box,0,424,425.30060969608684
MULTI_BOUND_G,box,0,425,425.25812700047436
MULTI_BOUND_G,box,0,426,426.5990782561985
MULTI_BOUND_G,box,0,427,427.32607223565725
MULTI_BOUND_G,box,0,428,424.6236003502041
MULTI_BOUND_G,box,0,429,424.6998235797243
MULTI_BOUND_G,box,0,430,424.8653815710652
MULTI_BOUND_G,box,0,431,422.33513330508515
MULTI_BOUND_G,box,0,432,424.44122377643936
MULTI_BOUND_G,box,0,433,424.2305146127575
MULTI_BOUND_G,box,0,434,424.6830049973005
MULTI_BOUND_G,box,0,435,428.6146439913382
MULTI_BOUND_G,box,0,436,425.0358176369211
MULTI_BOUND_G,box,0,437,425.24652680060296
MULTI_BOUND_G,box,0,438,425.4883080214641
MULTI_BOUND_G,box,0,439,424.2492820753444
MULTI_BOUND_G,box,0,440,424.77020492687916
MULTI_BOUND_G,box,0,441,424.08348677163656
MULTI_BOUND_G,box,0,442,424.5955889010884
MULTI_BOUND_G,box,0,443,424.8778422248131
MULTI_BOUND_G,box,0,444,425.1664927330615
MULTI_BOUND_G,box,0,445,424.86141602800086
MULTI_BOUND_G,box,0,446,425.13971554526
MULTI_BOUND_G,box,0,447,425.57786422017756
MULTI_BOUND_G,box,0,448,425.4009051669634
MULTI_BOUND_G,box,0,449,426.1198354888502
MULTI_BOUND_G,box,0,450,425.93368506630594
MULTI_BOUND_G,box,0,451,426.0272262686929
MULTI_BOUND_G,box,0,452,426.3360960963212
MULTI_BOUND_G,box,0,453,426.0053621947805
MULTI_BOUND_G,box,0,454,426.30335634723616
MULTI_BOUND_G,box,0,455,426.32074286670326
MULTI_BOUND_G,box,0,456,426.8374939980571
MULTI_BOUND_G,box,0,457,426.1567992234277
MULTI_BOUND_G,box,0,458,426.6651426223874
MULTI_BOUND_G,box,0,459,426.9590856127635
MULTI_BOUND_G,box,0,460,427.2488186854015
MULTI_BOUND_G,box,0,461,426.9422936896164
MULTI_BOUND_G,box,0,462,427.22179532772446
MULTI_BOUND_G,box,0,463,423.40652745895926
MULTI_BOUND_G,box,0,464,425.3532864742981
MULTI_BOUND_G,box,0,465,424.63592975148504
MULTI_BOUND_G,box,0,466,426.5398806489354
MULTI_BOUND_G,box,0,467,426.5439709136502
MULTI_BOUND_G,box,0,468,426.75468007733207
MULTI_BOUND_G,box,0,469,426.9964612981932
MULTI_BOUND_G,box,0,470,425.7547680393306
MULTI_BOUND_G,box,0,471,425.9654772030125
MULTI_BOUND_G,box,0,472,426.2072584238736
MULTI_BOUND_G,box,0,473,425.76929931536637
MULTI_BOUND_G,box,0,474,425.98000847904825
MULTI_BOUND_G,box,0,475,426.2217896999094
MULTI_BOUND_G,box,0,476,423.92829002255456
MULTI_BOUND_G,box,0,477,425.14434420083376
MULTI_BOUND_G,box,0,478,425.9107952778286
MULTI_BOUND_G,box,0,479,427.0826519117547
MULTI_BOUND_G,box,0,480,426.99725092277225
MULTI_BOUND_G,box,0,481,427.20796008645414
MULTI_BOUND_G,box,0,482,422.61472548439986
MULTI_BOUND_G,box,0,483,426.23969442835784
MULTI_BOUND_G,box,0,484,426.4504035920397
MULTI_BOUND_G,box,0,485,426.69218481290085
MULTI_BOUND_G,box,0,486,426.2305157370385
MULTI_BOUND_G,box,0,487,426.4412249007204
MULTI_BOUND_G,box,0,488,422.60300408382966
MULTI_BOUND_G,box,0,489,423.2697314546893
MULTI_BOUND_G,box,0,490,425.21996850543803
MULTI_BOUND_G,box,0,491,424.4983984539746
MULTI_BOUND_G,box,0,492,426.4049839664545
MULTI_BOUND_G,box,0,493,426.4058122559403
MULTI_BOUND_G,box,0,494,426.6165214196222
MULTI_BOUND_G,box,0,495,426.8583026404833
MULTI_BOUND_G,box,0,496,425.61660078484897
MULTI_BOUND_G,box,0,497,425.82730994853085
MULTI_BOUND_G,box,0,498,426.069091169392
MULTI_BOUND_G,box,0,499,425.63099372557184
MULTI_BOUND_G,box,0,500,425.8417028892537
MULTI_BOUND_G,box,0,501,426.08348411011485
MULTI_BOUND_G,box,0,502,427.5992920223122
MULTI_BOUND_G,box,0,503,427.4246703939486
MULTI_BOUND_G,box,0,504,428.1365108095696
MULTI_BOUND_G,box,0,505,427.95312241569036
MULTI_BOUND_G,box,0,506,428.06424118785986
MULTI_BOUND_G,box,0,507,428.3736033648633
MULTI_BOUND_G,box,0,508,428.0421339129885
MULTI_BOUND_G,box,0,509,428.34077036279746
MULTI_BOUND_G,box,0,510,423.7866477075492
MULTI_BOUND_G,box,0,511,425.0010304235434
MULTI_BOUND_G,box,0,512,425.77455831334237
MULTI_BOUND_G,box,0,513,426.9437652154545
MULTI_BOUND_G,box,0,514,426.85030228994634
MULTI_BOUND_G,box,0,515,427.0610114536282
MULTI_BOUND_G,box,0,516,422.46777685157394
MULTI_BOUND_G,box,0,517,426.09389654298076
MULTI_BOUND_G,box,0,518,426.30460570666264
MULTI_BOUND_G,box,0,519,426.54638692752377
MULTI_BOUND_G,box,0,520,426.0837116345075
MULTI_BOUND_G,box,0,521,426.2944207981894
MULTI_BOUND_G,box,0,522,422.45619998129865
MULTI_BOUND_G,box,0,523,424.90905802580676
MULTI_BOUND_G,box,0,524,426.27145924801493
MULTI_BOUND_G,box,0,525,426.93829393687906
MULTI_BOUND_G,box,0,526,424.57479911873645
MULTI_BOUND_G,box,0,527,424.6510223482567
MULTI_BOUND_G,box,0,528,424.8165803395976
MULTI_BOUND_G,box,0,529,428.24996926394664
MULTI_BOUND_G,box,0,530,422.3084141103761
MULTI_BOUND_G,box,0,531,424.38144941554117
MULTI_BOUND_G,box,0,532,424.1707402518593
MULTI_BOUND_G,box,0,533,424.6232306364023
MULTI_BOUND_G,box,0,534,424.99808861583904
MULTI_BOUND_G,box,0,535,425.2087977795209
MULTI_BOUND_G,box,0,536,425.45057900038205
MULTI_BOUND_G,box,0,537,425.42122505867195
MULTI_BOUND_G,box,0,538,426.7669277017572
MULTI_BOUND_G,box,0,539,427.48021883947445
MULTI_BOUND_G,box,0,540,424.80599825500326
MULTI_BOUND_G,box,0,541,424.8822214845235
MULTI_BOUND_G,box,0,542,425.0477794758644
MULTI_BOUND_G,box,0,543,422.51308077451364
MULTI_BOUND_G,box,0,544,424.62527295512035
MULTI_BOUND_G,box,0,545,424.41456379143847
MULTI_BOUND_G,box,0,546,424.8670541759815
MULTI_BOUND_G,box,0,547,428.77454254673887
MULTI_BOUND_G,box,0,548,425.2160403528009
MULTI_BOUND_G,box,0,549,425.4267495164828
MULTI_BOUND_G,box,0,550,422.3590599421428
MULTI_BOUND_G,box,0,551,424.9099487659643
MULTI_BOUND_G,box,0,552,426.268786957017
MULTI_BOUND_G,box,0,553,426.94698726739574
MULTI_BOUND_G,box,0,554,424.57023021441887
MULTI_BOUND_G,box,0,555,424.6464534439391
MULTI_BOUND_G,box,0,556,424.81201143528
MULTI_BOUND_G,box,0,557,428.2541078255994
MULTI_BOUND_G,box,0,558,422.3093080098082
MULTI_BOUND_G,box,0,559,424.3745078949351
MULTI_BOUND_G,box,0,560,424.1637987312532
MULTI_BOUND_G,box,0,561,424.61628911579623
MULTI_BOUND_G,box,0,562,424.9959493479254
MULTI_BOUND_G,box,0,563,425.20665851160726
MULTI_BOUND_G,box,0,564,425.4484397324684
MULTI_BOUND_G,box,0,565,425.42748775038865
MULTI_BOUND_G,box,0,566,426.76843900611277
MULTI_BOUND_G,box,0,567,427.49543298557154
MULTI_BOUND_G,box,0,568,424.79296110011836
MULTI_BOUND_G,box,0,569,424.8691843296386
MULTI_BOUND_G,box,0,570,425.0347423209795
MULTI_BOUND_G,box,0,571,422.50449405499944
MULTI_BOUND_G,box,0,572,424.61058452635365
MULTI_BOUND_G,box,0,573,424.39987536267176
MULTI_BOUND_G,box,0,574,424.8523657472148
MULTI_BOUND_G,box,0,575,428.7840047412525
MULTI_BOUND_G,box,0,576,425.20517838683537
MULTI_BOUND_G,box,0,577,425.41588755051725
MULTI_BOUND_G,box,0,578,422.34819797617723
MULTI_BOUND_G,box,0,579,423.63845893923406
MULTI_BOUND_G,box,0,580,423.49589105798884
MULTI_BOUND_G,box,0,581,423.42801467588754
MULTI_BOUND_G,box,0,582,422.8944844500964
MULTI_BOUND_G,box,0,583,422.8977669092621
MULTI_BOUND_G,box,0,584,422.68404018674994
MULTI_BOUND_G,box,0,585,423.6404603418756
MULTI_BOUND_G,box,0,586,423.64374280104136
MULTI_BOUND_G,box,0,587,423.43001607852915
MULTI_BOUND_G,box,0,588,422.93449455221304
MULTI_BOUND_G,box,0,589,428.1019478825328
MULTI_BOUND_G,box,0,590,423.12584705230694
MULTI_BOUND_G,box,0,591,428.2154051872034
MULTI_BOUND_G,box,0,592,422.93577793672523
MULTI_BOUND_G,box,0,593,427.25934966641023
MULTI_BOUND_G,box,0,594,423.11914342119616
MULTI_BOUND_G,box,0,595,424.00908813410604
MULTI_BOUND_G,box,0,596,423.8665202528609
MULTI_BOUND_G,box,0,597,423.7986438707596
MULTI_BOUND_G,box,0,598,422.4072250067625
MULTI_BOUND_G,box,0,599,423.25510573037025
MULTI_BOUND_G,box,0,600,423.25838818953594
MULTI_BOUND_G,box,0,601,423.0446614670238
MULTI_BOUND_G,box,0,602,424.02736996024214
MULTI_BOUND_G,box,0,603,424.0306524194078
MULTI_BOUND_G,box,0,604,422.2591117854956
MULTI_BOUND_G,box,0,605,423.11861573596025
MULTI_BOUND_G,box,0,606,423.33291364046937
MULTI_BOUND_G,box,0,607,428.9695249449271
MULTI_BOUND_G,box,0,608,423.117060557694
MULTI_BOUND_G,box,0,609,423.32263467758645
MULTI_BOUND_G,box,0,610,423.3557521925412
MULTI_BOUND_G,box,0,611,423.7908859648295
MULTI_BOUND_G,box,0,612,423.22699870892274
MULTI_BOUND_G,box,0,613,423.6544017767258
MULTI_BOUND_G,box,0,614,424.7032000187473
MULTI_BOUND_G,box,0,615,424.8989310546758
MULTI_BOUND_G,box,0,616,424.7039508876351
MULTI_BOUND_G,box,0,617,424.89164921301233
MULTI_BOUND_G,box,0,618,423.71733776981927
MULTI_BOUND_G,box,0,619,424.17855419149146
MULTI_BOUND_G,box,0,620,423.57903218002474
MULTI_BOUND_G,box,0,621,424.0317500889604
MULTI_BOUND_G,box,0,622,424.8846030518559
MULTI_BOUND_G,box,0,623,425.10255478881777
MULTI_BOUND_G,box,0,624,424.8824637839422
MULTI_BOUND_G,box,0,625,425.0916928228522
MULTI_BOUND_G,box,0,626,424.3033289376216
MULTI_BOUND_G,box,0,627,424.3708131518091
MULTI_BOUND_G,box,0,628,426.2079551743452
MULTI_BOUND_G,box,0,629,426.2698892724763
MULTI_BOUND_G,box,0,630,424.9626179666851
MULTI_BOUND_G,box,0,631,426.12138561511637
MULTI_BOUND_G,box,0,632,425.57691138224504
MULTI_BOUND_G,box,0,633,426.73033774826683
MULTI_BOUND_G,box,0,634,425.52608370597017
MULTI_BOUND_G,box,0,635,425.5916067249986
MULTI_BOUND_G,box,0,636,427.43134936980914
MULTI_BOUND_G,box,0,637,427.4922317339981
MULTI_BOUND_G,box,0,638,425.50005783303465
MULTI_BOUND_G,box,0,639,426.63437205410105
MULTI_BOUND_G,box,0,640,426.12154420113484
MULTI_BOUND_G,box,0,641,427.2512605998016
MULTI_BOUND_G,box,0,642,424.83097069776153
MULTI_BOUND_G,box,0,643,424.86749004056827
MULTI_BOUND_G,box,0,644,426.7562971654252
MULTI_BOUND_G,box,0,645,426.78794231661965
MULTI_BOUND_G,box,0,646,424.79682695998594
MULTI_BOUND_G,box,0,647,425.95573724349316
MULTI_BOUND_G,box,0,648,425.41125441385003
MULTI_BOUND_G,box,0,649,426.564542444559
MULTI_BOUND_G,box,0,650,426.0454451393098
MULTI_BOUND_G,box,0,651,426.08153464896867
MULTI_BOUND_G,box,0,652,427.97035518199357
MULTI_BOUND_G,box,0,653,428.0024196203128
MULTI_BOUND_G,box,0,654,425.3260794520831
MULTI_BOUND_G,box,0,655,426.45961149801536
MULTI_BOUND_G,box,0,656,425.947934392498
MULTI_BOUND_G,box,0,657,427.0766445740108
MULTI_BOUND_G,box,0,658,425.7284163257542
MULTI_BOUND_G,box,0,659,425.9997141858621
MULTI_BOUND_G,box,0,660,423.48623827234195
MULTI_BOUND_G,box,0,661,424.7087440467534
MULTI_BOUND_G,box,0,662,424.00578975962645
MULTI_BOUND_G,box,0,663,427.6254635392173
MULTI_BOUND_G,box,0,664,425.21832464743295
MULTI_BOUND_G,box,0,665,427.88721577757303
MULTI_BOUND_G,box,0,666,423.7881361798953
MULTI_BOUND_G,box,0,667,424.9841094821775
MULTI_BOUND_G,box,0,668,426.8466926118743
MULTI_BOUND_G,box,0,669,424.32031207049215
MULTI_BOUND_G,box,0,670,427.11545655348726
MULTI_BOUND_G,box,0,671,425.5069751556813
MULTI_BOUND_G,box,0,672,428.74510220013156
MULTI_BOUND_G,box,0,673,429.00501986194683
MULTI_BOUND_G,box,0,674,423.4673824391258
MULTI_BOUND_G,box,0,675,426.35993063827345
MULTI_BOUND_G,box,0,676,424.69535101728695
MULTI_BOUND_G,box,0,677,426.60547968540476
MULTI_BOUND_G,box,0,678,423.9845613101218
MULTI_BOUND_G,box,0,679,425.20189845062066
MULTI_BOUND_G,box,0,680,428.275988258981
MULTI_BOUND_G,box,0,681,428.51234876513195
MULTI_BOUND_G,box,0,682,423.75918380317444
MULTI_BOUND_G,box,0,683,424.95960754082734
MULTI_BOUND_G,box,0,684,424.2897084198895
MULTI_BOUND_G,box,0,685,425.4801979678798
MULTI_BOUND_G,box,0,686,427.4750817838208
MULTI_BOUND_G,box,0,687,427.7191540966645
MULTI_BOUND_G,box,0,688,429.3916143655831
MULTI_BOUND_G,box,0,689,429.62717678089524
MULTI_BOUND_G,box,0,690,423.0428613701594
MULTI_BOUND_G,box,0,691,423.47979410603625
MULTI_BOUND_G,box,0,692,422.9137261612773
MULTI_BOUND_G,box,0,693,423.3425134026418
MULTI_BOUND_G,box,0,694,424.40480578772576
MULTI_BOUND_G,box,0,695,424.59615828781966
MULTI_BOUND_G,box,0,696,424.40608917223796
MULTI_BOUND_G,box,0,697,424.5894546567089
MULTI_BOUND_G,box,0,698,423.43130407316494
MULTI_BOUND_G,box,0,699,423.8953497504086
MULTI_BOUND_G,box,0,700,423.2921609496846
MULTI_BOUND_G,box,0,701,423.7472365291418
MULTI_BOUND_G,box,0,702,424.60674047960646
MULTI_BOUND_G,box,0,703,424.8210383841156
MULTI_BOUND_G,box,0,704,424.6051853013402
MULTI_BOUND_G,box,0,705,424.81075942123266
MULTI_BOUND_G,box,0,706,424.8020448426454
MULTI_BOUND_G,box,0,707,425.23717861493355
MULTI_BOUND_G,box,0,708,424.67329135902685
MULTI_BOUND_G,box,0,709,425.1006944268299
MULTI_BOUND_G,box,0,710,426.1494926688514
MULTI_BOUND_G,box,0,711,426.3452237047799
MULTI_BOUND_G,box,0,712,426.1502435377392
MULTI_BOUND_G,box,0,713,426.33794186311644
MULTI_BOUND_G,box,0,714,425.1820269171455
MULTI_BOUND_G,box,0,715,425.6432433388177
MULTI_BOUND_G,box,0,716,425.04372132735097
MULTI_BOUND_G,box,0,717,425.4964392362866
MULTI_BOUND_G,box,0,718,426.3492921991821
MULTI_BOUND_G,box,0,719,426.567243936144
MULTI_BOUND_G,box,0,720,426.34715293126845
MULTI_BOUND_G,box,0,721,426.55638197017845
MULTI_BOUND_G,box,0,722,426.22864677233116
MULTI_BOUND_G,box,0,723,426.2961309865187
MULTI_BOUND_G,box,0,724,428.1332730090548
MULTI_BOUND_G,box,0,725,428.19520710718587
MULTI_BOUND_G,box,0,726,426.8879358013947
MULTI_BOUND_G,box,0,727,428.04670344982594
MULTI_BOUND_G,box,0,728,427.50222921695456
MULTI_BOUND_G,box,0,729,428.6556555829764
MULTI_BOUND_G,box,0,730,427.44722982049876
MULTI_BOUND_G,box,0,731,427.5127528395272
MULTI_BOUND_G,box,0,732,429.35249548433774
MULTI_BOUND_G,box,0,733,429.4133778485267
MULTI_BOUND_G,box,0,734,427.42120394756324
MULTI_BOUND_G,box,0,735,428.55551816862965
MULTI_BOUND_G,box,0,736,428.04269031566344
MULTI_BOUND_G,box,0,737,429.1724067143302
MULTI_BOUND_G,box,0,738,426.7581401929034
MULTI_BOUND_G,box,0,739,426.7946595357101
MULTI_BOUND_G,box,0,740,428.6834666605671
MULTI_BOUND_G,box,0,741,428.7151118117615
MULTI_BOUND_G,box,0,742,426.7239964551278
MULTI_BOUND_G,box,0,743,427.88290673863503
MULTI_BOUND_G,box,0,744,427.3384239089919
MULTI_BOUND_G,box,0,745,428.49171193970085
MULTI_BOUND_G,box,0,746,427.96885590395954
MULTI_BOUND_G,box,0,747,428.00494541361843
MULTI_BOUND_G,box,0,748,429.8937659466433
MULTI_BOUND_G,box,0,749,429.92583038496264
MULTI_BOUND_G,box,0,750,427.24949021673285
MULTI_BOUND_G,box,0,751,428.3830222626651
MULTI_BOUND_G,box,0,752,427.87134515714774
MULTI_BOUND_G,box,0,753,429.00005533866056
MULTI_BOUND_G,box,0,754,427.66351675705533
MULTI_BOUND_G,box,0,755,427.9348146171632
MULTI_BOUND_G,box,0,756,425.4213387036431
MULTI_BOUND_G,box,0,757,426.64384447805446
MULTI_BOUND_G,box,0,758,425.9408901909276
MULTI_BOUND_G,box,0,759,429.5605639705185
MULTI_BOUND_G,box,0,760,427.153425078734
MULTI_BOUND_G,box,0,761,429.82231620887416
MULTI_BOUND_G,box,0,762,425.724319175586
MULTI_BOUND_G,box,0,763,426.9202924778682
MULTI_BOUND_G,box,0,764,428.782875607565
MULTI_BOUND_G,box,0,765,426.2564950661829
MULTI_BOUND_G,box,0,766,429.051639549178
MULTI_BOUND_G,box,0,767,427.443158151372
MULTI_BOUND_G,box,0,768,430.6812851958223
MULTI_BOUND_G,box,0,769,430.94120285763756
MULTI_BOUND_G,box,0,770,425.4021171440921
MULTI_BOUND_G,box,0,771,428.2946653432397
MULTI_BOUND_G,box,0,772,426.6300857222532
MULTI_BOUND_G,box,0,773,428.54021439037103
MULTI_BOUND_G,box,0,774,425.9192960150881
MULTI_BOUND_G,box,0,775,427.136633155587
MULTI_BOUND_G,box,0,776,430.2107229639473
MULTI_BOUND_G,box,0,777,430.4470834700982
MULTI_BOUND_G,box,0,778,425.6951206289896
MULTI_BOUND_G,box,0,779,426.8955443666425
MULTI_BOUND_G,box,0,780,426.2256452457047
MULTI_BOUND_G,box,0,781,427.41613479369505
MULTI_BOUND_G,box,0,782,429.411018609636
MULTI_BOUND_G,box,0,783,429.6550909224797
MULTI_BOUND_G,box,0,784,431.32755119139824
MULTI_BOUND_G,box,0,785,431.56311360671043
MULTI_BOUND_G,box,0,786,424.2260381751869
MULTI_BOUND_G,box,0,787,424.0834702939417
MULTI_BOUND_G,box,0,788,424.01559391184037
MULTI_BOUND_G,box,0,789,422.5970621064763
MULTI_BOUND_G,box,0,790,423.48206368604923
MULTI_BOUND_G,box,0,791,423.4853461452149
MULTI_BOUND_G,box,0,792,423.27161942270277
MULTI_BOUND_G,box,0,793,424.22803957782844
MULTI_BOUND_G,box,0,794,424.2313220369942
MULTI_BOUND_G,box,0,795,422.45978140308193
MULTI_BOUND_G,box,0,796,423.52207378816587
MULTI_BOUND_G,box,0,797,423.71342628825977
MULTI_BOUND_G,box,0,798,423.52335717267806
MULTI_BOUND_G,box,0,799,423.706722657149
MULTI_BOUND_G,box,0,800,424.60346499639286
MULTI_BOUND_G,box,0,801,424.46089711514765
MULTI_BOUND_G,box,0,802,422.5375561918055
MULTI_BOUND_G,box,0,803,423.0016018690492
MULTI_BOUND_G,box,0,804,423.849482592657
MULTI_BOUND_G,box,0,805,423.8527650518227
MULTI_BOUND_G,box,0,806,422.39841306832517
MULTI_BOUND_G,box,0,807,424.62174682252885
MULTI_BOUND_G,box,0,808,422.85348864778234
MULTI_BOUND_G,box,0,809,423.712992598247
MULTI_BOUND_G,box,0,810,423.92729050275614
MULTI_BOUND_G,box,0,811,423.71143741998077
MULTI_BOUND_G,box,0,812,423.9170115398732
MULTI_BOUND_G,box,0,813,423.935324871235
MULTI_BOUND_G,box,0,814,424.3704586435233
MULTI_BOUND_G,box,0,815,423.80657138761654
MULTI_BOUND_G,box,0,816,424.2339744554196
MULTI_BOUND_G,box,0,817,425.2827726974411
MULTI_BOUND_G,box,0,818,425.4785037333696
MULTI_BOUND_G,box,0,819,425.2835235663289
MULTI_BOUND_G,box,0,820,425.47122189170614
MULTI_BOUND_G,box,0,821,424.30313136359354
MULTI_BOUND_G,box,0,822,424.7643477852657
MULTI_BOUND_G,box,0,823,424.164825773799
MULTI_BOUND_G,box,0,824,424.61754368273466
MULTI_BOUND_G,box,0,825,425.47039664563016
MULTI_BOUND_G,box,0,826,425.68834838259204
MULTI_BOUND_G,box,0,827,425.4682573777165
MULTI_BOUND_G,box,0,828,425.6774864166265
MULTI_BOUND_G,box,0,829,425.69991272969673
MULTI_BOUND_G,box,0,830,425.76739694388425
MULTI_BOUND_G,box,0,831,427.60453896642036
MULTI_BOUND_G,box,0,832,427.66647306455144
MULTI_BOUND_G,box,0,833,426.35920175876026
MULTI_BOUND_G,box,0,834,427.5179694071915
MULTI_BOUND_G,box,0,835,426.9734951743202
MULTI_BOUND_G,box,0,836,428.126921540342
MULTI_BOUND_G,box,0,837,426.2163907403304
MULTI_BOUND_G,box,0,838,426.2529100831371
MULTI_BOUND_G,box,0,839,428.1417172079941
MULTI_BOUND_G,box,0,840,428.1733623591885
MULTI_BOUND_G,box,0,841,426.1822470025548
MULTI_BOUND_G,box,0,842,427.341157286062
MULTI_BOUND_G,box,0,843,426.7966744564189
MULTI_BOUND_G,box,0,844,427.94996248712783
MULTI_BOUND_G,box,0,845,426.9437159151832
MULTI_BOUND_G,box,0,846,427.0092389342116
MULTI_BOUND_G,box,0,847,428.84898157902217
MULTI_BOUND_G,box,0,848,428.9098639432111
MULTI_BOUND_G,box,0,849,426.91769004224767
MULTI_BOUND_G,box,0,850,428.0520042633141
MULTI_BOUND_G,box,0,851,427.53917641034786
MULTI_BOUND_G,box,0,852,428.6688928090146
MULTI_BOUND_G,box,0,853,427.45154295176934
MULTI_BOUND_G,box,0,854,427.48763246142823
MULTI_BOUND_G,box,0,855,429.37645299445313
MULTI_BOUND_G,box,0,856,429.40851743277244
MULTI_BOUND_G,box,0,857,426.73217726454266
MULTI_BOUND_G,box,0,858,427.8657093104749
MULTI_BOUND_G,box,0,859,427.35403220495755
MULTI_BOUND_G,box,0,860,428.48274238647036
MULTI_BOUND_G,box,0,861,426.94580201687603
MULTI_BOUND_G,box,0,862,427.2170998769839
MULTI_BOUND_G,box,0,863,424.70362396346377
MULTI_BOUND_G,box,0,864,425.92612973787516
MULTI_BOUND_G,box,0,865,425.2231754507483
MULTI_BOUND_G,box,0,866,428.8428492303392
MULTI_BOUND_G,box,0,867,426.4357103385547
MULTI_BOUND_G,box,0,868,429.10460146869485
MULTI_BOUND_G,box,0,869,425.025741190397
MULTI_BOUND_G,box,0,870,426.2217144926792
MULTI_BOUND_G,box,0,871,428.084297622376
MULTI_BOUND_G,box,0,872,425.5579170809939
MULTI_BOUND_G,box,0,873,428.353061563989
MULTI_BOUND_G,box,0,874,426.744580166183
MULTI_BOUND_G,box,0,875,429.9827072106333
MULTI_BOUND_G,box,0,876,430.2426248724486
MULTI_BOUND_G,box,0,877,424.67933025314744
MULTI_BOUND_G,box,0,878,427.5718784522951
MULTI_BOUND_G,box,0,879,425.9072988313086
MULTI_BOUND_G,box,0,880,427.8174274994264
MULTI_BOUND_G,box,0,881,425.19650912414346
MULTI_BOUND_G,box,0,882,426.4138462646423
MULTI_BOUND_G,box,0,883,429.48793607300263
MULTI_BOUND_G,box,0,884,429.7242965791536
MULTI_BOUND_G,box,0,885,424.9908262523926
MULTI_BOUND_G,box,0,886,426.1912499900455
MULTI_BOUND_G,box,0,887,425.52135086910766
MULTI_BOUND_G,box,0,888,426.71184041709796
MULTI_BOUND_G,box,0,889,428.706724233039
MULTI_BOUND_G,box,0,890,428.95079654588267
MULTI_BOUND_G,box,0,891,430.62325681480127
MULTI_BOUND_G,box,0,892,430.8588192301134
MULTI_BOUND_G,box,0,893,423.6004097755229
MULTI_BOUND_G,box,0,894,424.03734251139974
MULTI_BOUND_G,box,0,895,423.4712745666408
MULTI_BOUND_G,box,0,896,423.9000618080053
MULTI_BOUND_G,box,0,897,424.96235419308925
MULTI_BOUND_G,box,0,898,425.15370669318315
MULTI_BOUND_G,box,0,899,424.96363757760145
MULTI_BOUND_G,box,0,900,425.1470030620724
MULTI_BOUND_G,box,0,901,423.99589534850213
MULTI_BOUND_G,box,0,902,424.4599410257458
MULTI_BOUND_G,box,0,903,423.8567522250218
MULTI_BOUND_G,box,0,904,424.311827804479
MULTI_BOUND_G,box,0,905,425.17133175494365
MULTI_BOUND_G,box,0,906,425.3856296594528
MULTI_BOUND_G,box,0,907,425.1697765766774
MULTI_BOUND_G,box,0,908,425.37535069656985
MULTI_BOUND_G,box,0,909,425.3503420581119
MULTI_BOUND_G,box,0,910,425.7854758304002
MULTI_BOUND_G,box,0,911,425.2215885744934
MULTI_BOUND_G,box,0,912,425.6489916422965
MULTI_BOUND_G,box,0,913,426.69778988431796
MULTI_BOUND_G,box,0,914,426.8935209202465
MULTI_BOUND_G,box,0,915,426.69854075320575
MULTI_BOUND_G,box,0,916,426.886239078583
MULTI_BOUND_G,box,0,917,425.73689284333386
MULTI_BOUND_G,box,0,918,426.198109265006
MULTI_BOUND_G,box,0,919,425.59858725353934
MULTI_BOUND_G,box,0,920,426.051305162475
MULTI_BOUND_G,box,0,921,426.9041581253705
MULTI_BOUND_G,box,0,922,427.12210986233237
MULTI_BOUND_G,box,0,923,426.9020188574568
MULTI_BOUND_G,box,0,924,427.1112478963668
MULTI_BOUND_G,box,0,925,427.57959441985054
MULTI_BOUND_G,box,0,926,427.64707863403805
MULTI_BOUND_G,box,0,927,429.48422065657417
MULTI_BOUND_G,box,0,928,429.54615475470524
MULTI_BOUND_G,box,0,929,428.23888344891407
MULTI_BOUND_G,box,0,930,429.3976510973453
MULTI_BOUND_G,box,0,931,428.853176864474
MULTI_BOUND_G,box,0,932,430.0066032304958
MULTI_BOUND_G,box,0,933,428.0984098553347
MULTI_BOUND_G,box,0,934,428.1349291981414
MULTI_BOUND_G,box,0,935,430.0237363229984
MULTI_BOUND_G,box,0,936,430.0553814741928
MULTI_BOUND_G,box,0,937,428.0642661175591
MULTI_BOUND_G,box,0,938,429.2231764010663
MULTI_BOUND_G,box,0,939,428.6786935714232
MULTI_BOUND_G,box,0,940,429.83198160213215
MULTI_BOUND_G,box,0,941,428.8186451239217
MULTI_BOUND_G,box,0,942,428.88416814295016
MULTI_BOUND_G,box,0,943,430.7239107877607
MULTI_BOUND_G,box,0,944,430.78479315194966
MULTI_BOUND_G,box,0,945,428.7926192509862
MULTI_BOUND_G,box,0,946,429.9269334720526
MULTI_BOUND_G,box,0,947,429.4141056190864
MULTI_BOUND_G,box,0,948,430.54382201775314
MULTI_BOUND_G,box,0,949,429.3292341891729
MULTI_BOUND_G,box,0,950,429.3653236988318
MULTI_BOUND_G,box,0,951,431.2541442318567
MULTI_BOUND_G,box,0,952,431.28620867017594
MULTI_BOUND_G,box,0,953,428.6098685019462
MULTI_BOUND_G,box,0,954,429.7434005478785
MULTI_BOUND_G,box,0,955,429.2317234423611
MULTI_BOUND_G,box,0,956,430.3604336238739
MULTI_BOUND_G,box,0,957,428.8410708240621
MULTI_BOUND_G,box,0,958,429.11236868417
MULTI_BOUND_G,box,0,959,426.59889277064985
MULTI_BOUND_G,box,0,960,427.82139854506124
MULTI_BOUND_G,box,0,961,427.11844425793436
MULTI_BOUND_G,box,0,962,430.7381180375253
MULTI_BOUND_G,box,0,963,428.3309791457408
MULTI_BOUND_G,box,0,964,430.99987027588094
MULTI_BOUND_G,box,0,965,426.9215023469582
MULTI_BOUND_G,box,0,966,428.1174756492404
MULTI_BOUND_G,box,0,967,429.98005877893723
MULTI_BOUND_G,box,0,968,427.4536782375551
MULTI_BOUND_G,box,0,969,430.2488227205502
MULTI_BOUND_G,box,0,970,428.64034132274423
MULTI_BOUND_G,box,0,971,431.8784683671945
MULTI_BOUND_G,box,0,972,432.1383860290098
MULTI_BOUND_G,box,0,973,426.5743558593746
MULTI_BOUND_G,box,0,974,429.46690405852223
MULTI_BOUND_G,box,0,975,427.80232443753573
MULTI_BOUND_G,box,0,976,429.71245310565354
MULTI_BOUND_G,box,0,977,427.0915347303706
MULTI_BOUND_G,box,0,978,428.30887187086944
MULTI_BOUND_G,box,0,979,431.38296167922977
MULTI_BOUND_G,box,0,980,431.6193221853807
MULTI_BOUND_G,box,0,981,426.886494155973
MULTI_BOUND_G,box,0,982,428.0869178936259
MULTI_BOUND_G,box,0,983,427.4170187726881
MULTI_BOUND_G,box,0,984,428.60750832067845
MULTI_BOUND_G,box,0,985,430.6023921366194
MULTI_BOUND_G,box,0,986,430.8464644494631
MULTI_BOUND_G,box,0,987,432.51892471838164
MULTI_BOUND_G,box,0,988,432.75448713369383
MULTI_BOUND_G,box,0,989,425.31141273031625
MULTI_BOUND_G,box,0,990,422.6141573701404
MULTI_BOUND_G,box,0,991,426.06553248804005
MULTI_BOUND_G,box,0,992,422.8176486265307
MULTI_BOUND_G,box,0,993,424.38666316195656
MULTI_BOUND_G,box,0,994,424.58670677179646
MULTI_BOUND_G,box,0,995,425.37582416380445
MULTI_BOUND_G,box,0,996,426.4936282481782
MULTI_BOUND_G,box,0,997,426.0009571513633
MULTI_BOUND_G,box,0,998,427.11578516712666
MULTI_BOUND_G,box,0,999,425.1762981864418
MULTI_BOUND_G,box,0,1000,426.3178191557744
MULTI_BOUND_G,box,0,1001,427.29234933032296
MULTI_BOUND_G,box,0,1002,428.3881082367178
MULTI_BOUND_G,box,0,1003,422.91244198438704
MULTI_BOUND_G,box,0,1004,427.7929414686837
MULTI_BOUND_G,box,0,1005,423.4104160303113
MULTI_BOUND_G,box,0,1006,427.1705493198995
MULTI_BOUND_G,box,0,1007,427.3812584835814
MULTI_BOUND_G,box,0,1008,422.9200031984657
MULTI_BOUND_G,box,0,1009,427.0515482128885
MULTI_BOUND_G,box,0,1010,423.4240365596797
MULTI_BOUND_G,box,0,1011,425.13741525616774
MULTI_BOUND_G,box,0,1012,426.29629276675155
MULTI_BOUND_G,box,0,1013,427.22789286438166
MULTI_BOUND_G,box,0,1014,428.34128998314344
MULTI_BOUND_G,box,0,1015,422.9605561259315
MULTI_BOUND_G,box,0,1016,427.86400101464335
MULTI_BOUND_G,box,0,1017,423.48147557627095
MULTI_BOUND_G,box,0,1018,427.2158248986655
MULTI_BOUND_G,box,0,1019,427.4265340623474
MULTI_BOUND_G,box,0,1020,422.9652787772317
MULTI_BOUND_G,box,0,1021,427.11903242707604
MULTI_BOUND_G,box,0,1022,423.4915207738672
MULTI_BOUND_G,box,0,1023,424.09529079517677
MULTI_BOUND_G,box,0,1024,424.31659555970054
MULTI_BOUND_G,box,0,1025,425.8437780015843
MULTI_BOUND_G,box,0,1026,426.06221810864633
MULTI_BOUND_G,box,0,1027,427.3217467846292
MULTI_BOUND_G,box,0,1028,428.44063343339263
MULTI_BOUND_G,box,0,1029,427.9465140458533
MULTI_BOUND_G,box,0,1030,429.0625441824655
MULTI_BOUND_G,box,0,1031,423.1994964494008
MULTI_BOUND_G,box,0,1032,423.409785332125
MULTI_BOUND_G,box,0,1033,424.96399568395793
MULTI_BOUND_G,box,0,1034,425.1702602088783
MULTI_BOUND_G,box,0,1035,426.59096969823383
MULTI_BOUND_G,box,0,1036,427.72899310198756
MULTI_BOUND_G,box,0,1037,427.21066480869257
MULTI_BOUND_G,box,0,1038,428.34518745965244
MULTI_BOUND_G,box,0,1039,427.05250647212995
MULTI_BOUND_G,box,0,1040,428.1998071625087
MULTI_BOUND_G,box,0,1041,429.15946096155665
MULTI_BOUND_G,box,0,1042,430.26178929287437
MULTI_BOUND_G,box,0,1043,424.81326789582874
MULTI_BOUND_G,box,0,1044,425.31562047758763
MULTI_BOUND_G,box,0,1045,424.820296594283
MULTI_BOUND_G,box,0,1046,425.3286627964033
MULTI_BOUND_G,box,0,1047,427.0141697246039
MULTI_BOUND_G,box,0,1048,428.17781052658006
MULTI_BOUND_G,box,0,1049,429.09624950706836
MULTI_BOUND_G,box,0,1050,430.21522454214136
MULTI_BOUND_G,box,0,1051,424.85656141722853
MULTI_BOUND_G,box,0,1052,425.38113470002077
MULTI_BOUND_G,box,0,1053,424.8606999788813
MULTI_BOUND_G,box,0,1054,425.3905968945344
MULTI_BOUND_G,box,0,1055,424.6480598481942
MULTI_BOUND_G,box,0,1056,424.8764074826916
MULTI_BOUND_G,box,0,1057,426.3872958647048
MULTI_BOUND_G,box,0,1058,426.6123046824886
MULTI_BOUND_G,box,0,1059,428.4945214992899
MULTI_BOUND_G,box,0,1060,429.6330372524187
MULTI_BOUND_G,box,0,1061,429.11397340878966
MULTI_BOUND_G,box,0,1062,430.2491383571028
MULTI_BOUND_G,box,0,1063,427.32703001878826
MULTI_BOUND_G,box,0,1064,422.6522153089908
MULTI_BOUND_G,box,0,1065,423.68063259921666
MULTI_BOUND_G,box,0,1066,424.48643465757334
MULTI_BOUND_G,box,0,1067,424.4600116879431
MULTI_BOUND_G,box,0,1068,424.18679556725925
MULTI_BOUND_G,box,0,1069,426.34284287268883
MULTI_BOUND_G,box,0,1070,426.3187915597857
MULTI_BOUND_G,box,0,1071,422.73394767367705
MULTI_BOUND_G,box,0,1072,432.28553555160573
MULTI_BOUND_G,box,0,1073,427.9341608078745
MULTI_BOUND_G,box,0,1074,423.259346098077
MULTI_BOUND_G,box,0,1075,424.334219837156
MULTI_BOUND_G,box,0,1076,425.64567450775087
MULTI_BOUND_G,box,0,1077,425.6167176196257
MULTI_BOUND_G,box,0,1078,424.82303118539545
MULTI_BOUND_G,box,0,1079,427.50344509766046
MULTI_BOUND_G,box,0,1080,427.477559208217
MULTI_BOUND_G,box,0,1081,431.49633267728615
MULTI_BOUND_G,box,0,1082,427.29923122689274
MULTI_BOUND_G,box,0,1083,422.62441651709526
MULTI_BOUND_G,box,0,1084,423.66419942883573
MULTI_BOUND_G,box,0,1085,425.1071093980935
MULTI_BOUND_G,box,0,1086,424.1658076280144
MULTI_BOUND_G,box,0,1087,425.0549376154867
MULTI_BOUND_G,box,0,1088,426.98252802045346
MULTI_BOUND_G,box,0,1089,426.9330849753456
MULTI_BOUND_G,box,0,1090,422.7110903577599
MULTI_BOUND_G,box,0,1091,431.5108639533219
MULTI_BOUND_G,box,0,1092,427.9065521045962
MULTI_BOUND_G,box,0,1093,423.2317373947987
MULTI_BOUND_G,box,0,1094,424.32031397561923
MULTI_BOUND_G,box,0,1095,424.8033733722752
MULTI_BOUND_G,box,0,1096,426.26085889389947
MULTI_BOUND_G,box,0,1097,426.207210377005
MULTI_BOUND_G,box,0,1098,428.1367524773141
MULTI_BOUND_G,box,0,1099,428.08651134136744
MULTI_BOUND_G,box,0,0,424.46617189644996
MULTI_BOUND_G,box,0,1,424.3236040152048
MULTI_BOUND_G,box,0,2,424.2557276331035
MULTI_BOUND_G,box,0,3,423.68553731248664
MULTI_BOUND_G,box,0,4,423.68881977165233
MULTI_BOUND_G,box,0,5,423.4750930491402
MULTI_BOUND_G,box,0,6,424.5148280923531
MULTI_BOUND_G,box,0,7,424.5181105515189
MULTI_BOUND_G,box,0,8,424.30438382900667
MULTI_BOUND_G,box,0,9,424.890980020316
MULTI_BOUND_G,box,0,10,426.1081473563171
MULTI_BOUND_G,box,0,11,424.7393667196798
MULTI_BOUND_G,box,0,12,425.9565340556809
MULTI_BOUND_G,box,0,13,424.7152996454571
MULTI_BOUND_G,box,0,14,425.9324669814581
MULTI_BOUND_G,box,0,15,425.7726342086396
MULTI_BOUND_G,box,0,16,425.6300663273944
MULTI_BOUND_G,box,0,17,423.70672540405224
MULTI_BOUND_G,box,0,18,424.98083587516993
MULTI_BOUND_G,box,0,19,424.9841183343356
MULTI_BOUND_G,box,0,20,423.5297663508381
MULTI_BOUND_G,box,0,21,424.2486966727249
MULTI_BOUND_G,box,0,22,425.8308044249271
MULTI_BOUND_G,box,0,23,424.0625462501806
MULTI_BOUND_G,box,0,24,424.1560874525676
MULTI_BOUND_G,box,0,25,432.212465908488
MULTI_BOUND_G,box,0,26,424.4649572801959
MULTI_BOUND_G,box,0,27,431.65568446486975
MULTI_BOUND_G,box,0,28,424.1342233786552
MULTI_BOUND_G,box,0,29,431.15515611965225
MULTI_BOUND_G,box,0,30,424.4322175311109
MULTI_BOUND_G,box,0,31,428.96758253881546
MULTI_BOUND_G,box,0,32,428.8250146575703
MULTI_BOUND_G,box,0,33,428.75713827546895
MULTI_BOUND_G,box,0,34,427.98068301401054
MULTI_BOUND_G,box,0,35,427.8381151327654
MULTI_BOUND_G,box,0,36,427.770238750664
MULTI_BOUND_G,box,0,37,424.3899346352446
MULTI_BOUND_G,box,0,38,424.39402489995933
MULTI_BOUND_G,box,0,39,424.6047340636412
MULTI_BOUND_G,box,0,40,424.84651528450235
MULTI_BOUND_G,box,0,41,423.60482202563975
MULTI_BOUND_G,box,0,42,423.81553118932163
MULTI_BOUND_G,box,0,43,424.05731241018276
MULTI_BOUND_G,box,0,44,423.6193533016755
MULTI_BOUND_G,box,0,45,423.8300624653574
MULTI_BOUND_G,box,0,46,424.07184368621853
MULTI_BOUND_G,box,0,47,424.5056952446382
MULTI_BOUND_G,box,0,48,425.022446375992
MULTI_BOUND_G,box,0,49,424.34175160136266
MULTI_BOUND_G,box,0,50,424.85009500032237
MULTI_BOUND_G,box,0,51,425.14403799069845
MULTI_BOUND_G,box,0,52,425.43377106333645
MULTI_BOUND_G,box,0,53,425.12724606755137
MULTI_BOUND_G,box,0,54,425.4067477056594
MULTI_BOUND_G,box,0,55,428.4648137775639
MULTI_BOUND_G,box,0,56,428.32224589631875
MULTI_BOUND_G,box,0,57,428.2543695142174
MULTI_BOUND_G,box,0,58,429.5008076565506
MULTI_BOUND_G,box,0,59,429.35823977530544
MULTI_BOUND_G,box,0,60,423.7365655783424
MULTI_BOUND_G,box,0,61,424.9084222122685
MULTI_BOUND_G,box,0,62,424.82302122328605
MULTI_BOUND_G,box,0,63,425.03373038696793
MULTI_BOUND_G,box,0,64,425.27551160782906
MULTI_BOUND_G,box,0,65,424.06546472887163
MULTI_BOUND_G,box,0,66,424.2761738925535
MULTI_BOUND_G,box,0,67,424.51795511341464
MULTI_BOUND_G,box,0,68,424.0562860375523
MULTI_BOUND_G,box,0,69,424.2669952012342
MULTI_BOUND_G,box,0,70,424.5087764220953
MULTI_BOUND_G,box,0,71,428.8434349508678
MULTI_BOUND_G,box,0,72,428.70086706962263
MULTI_BOUND_G,box,0,73,428.63299068752127
MULTI_BOUND_G,box,0,74,427.8523220974125
MULTI_BOUND_G,box,0,75,427.70975421616737
MULTI_BOUND_G,box,0,76,427.641877834066
MULTI_BOUND_G,box,0,77,424.26420833367604
MULTI_BOUND_G,box,0,78,424.26503662316185
MULTI_BOUND_G,box,0,79,424.47574578684373
MULTI_BOUND_G,box,0,80,424.71752700770486
MULTI_BOUND_G,box,0,81,423.4758251520705
MULTI_BOUND_G,box,0,82,423.6865343157524
MULTI_BOUND_G,box,0,83,423.9283155366135
MULTI_BOUND_G,box,0,84,423.4902180927934
MULTI_BOUND_G,box,0,85,423.70092725647527
MULTI_BOUND_G,box,0,86,423.9427084773364
MULTI_BOUND_G,box,0,87,428.33102339941024
MULTI_BOUND_G,box,0,88,428.1884555181651
MULTI_BOUND_G,box,0,89,428.1205791360637
MULTI_BOUND_G,box,0,90,429.374094091201
MULTI_BOUND_G,box,0,91,429.23152620995586
MULTI_BOUND_G,box,0,92,423.6098520129928
MULTI_BOUND_G,box,0,93,424.77905891510494
MULTI_BOUND_G,box,0,94,424.6855959895968
MULTI_BOUND_G,box,0,95,424.89630515327866
MULTI_BOUND_G,box,0,96,425.1380863741398
MULTI_BOUND_G,box,0,97,423.9291902426312
MULTI_BOUND_G,box,0,98,424.1398994063131
MULTI_BOUND_G,box,0,99,424.3816806271742
MULTI_BOUND_G,box,0,100,423.91900533415793
MULTI_BOUND_G,box,0,101,424.1297144978398
MULTI_BOUND_G,box,0,102,424.37149571870094
MULTI_BOUND_G,box,0,103,425.7610282715691
MULTI_BOUND_G,box,0,104,425.5864066432055
MULTI_BOUND_G,box,0,105,426.2982470588265
MULTI_BOUND_G,box,0,106,426.11485866494723
MULTI_BOUND_G,box,0,107,426.2259774371167
MULTI_BOUND_G,box,0,108,426.5353396141201
MULTI_BOUND_G,box,0,109,426.2038701622453
MULTI_BOUND_G,box,0,110,426.50250661205433
MULTI_BOUND_G,box,0,111,424.3161923698538
MULTI_BOUND_G,box,0,112,424.98302705871794
MULTI_BOUND_G,box,0,113,422.6195322405753
MULTI_BOUND_G,box,0,114,422.69575547009555
MULTI_BOUND_G,box,0,115,422.86131346143645
MULTI_BOUND_G,box,0,116,426.2947023857855
MULTI_BOUND_G,box,0,117,422.42618253738004
MULTI_BOUND_G,box,0,118,422.21547337369816
MULTI_BOUND_G,box,0,119,422.66796375824117
MULTI_BOUND_G,box,0,120,423.0428217376779
MULTI_BOUND_G,box,0,121,423.2535309013598
MULTI_BOUND_G,box,0,122,423.4953121222209
MULTI_BOUND_G,box,0,123,423.43935894364284
MULTI_BOUND_G,box,0,124,424.7850615867281
MULTI_BOUND_G,box,0,125,425.49835272444534
MULTI_BOUND_G,box,0,126,422.82413213997415
MULTI_BOUND_G,box,0,127,422.9003553694944
MULTI_BOUND_G,box,0,128,423.0659133608353
MULTI_BOUND_G,box,0,129,422.64340684009125
MULTI_BOUND_G,box,0,130,422.43269767640936
MULTI_BOUND_G,box,0,131,422.8851880609524
MULTI_BOUND_G,box,0,132,426.79267643170976
MULTI_BOUND_G,box,0,133,423.2341742377718
MULTI_BOUND_G,box,0,134,423.4448834014537
MULTI_BOUND_G,box,0,135,423.6866646223148
MULTI_BOUND_G,box,0,136,422.95810454022904
MULTI_BOUND_G,box,0,137,424.31694273128176
MULTI_BOUND_G,box,0,138,424.99514304166047
MULTI_BOUND_G,box,0,139,422.6183859886836
MULTI_BOUND_G,box,0,140,422.6946092182038
MULTI_BOUND_G,box,0,141,422.8601672095447
MULTI_BOUND_G,box,0,142,426.30226359986415
MULTI_BOUND_G,box,0,143,422.42266366919984
MULTI_BOUND_G,box,0,144,422.21195450551795
MULTI_BOUND_G,box,0,145,422.66444489006096
MULTI_BOUND_G,box,0,146,423.0441051221901
MULTI_BOUND_G,box,0,147,423.254814285872
MULTI_BOUND_G,box,0,148,423.4965955067331
MULTI_BOUND_G,box,0,149,423.4497799702143
MULTI_BOUND_G,box,0,150,424.79073122593843
MULTI_BOUND_G,box,0,151,425.5177252053972
MULTI_BOUND_G,box,0,152,422.815253319944
MULTI_BOUND_G,box,0,153,422.89147654946424
MULTI_BOUND_G,box,0,154,423.05703454080515
MULTI_BOUND_G,box,0,155,422.6328767461793
MULTI_BOUND_G,box,0,156,422.4221675824974
MULTI_BOUND_G,box,0,157,422.87465796704043
MULTI_BOUND_G,box,0,158,426.80629696107815
MULTI_BOUND_G,box,0,159,423.22747060666103
MULTI_BOUND_G,box,0,160,423.4381797703429
MULTI_BOUND_G,box,0,161,423.67996099120404
MULTI_BOUND_G,box,0,162,424.5349535512231
MULTI_BOUND_G,box,0,163,424.39238566997795
MULTI_BOUND_G,box,0,164,422.4690447466358
MULTI_BOUND_G,box,0,165,422.98996759817055
MULTI_BOUND_G,box,0,166,423.7543189672598
MULTI_BOUND_G,box,0,167,423.7576014264255
MULTI_BOUND_G,box,0,168,422.30324944292795
MULTI_BOUND_G,box,0,169,424.5836097471263
MULTI_BOUND_G,box,0,170,422.81535157237977
MULTI_BOUND_G,box,0,171,423.0976048961045
MULTI_BOUND_G,box,0,172,423.3862554043529
MULTI_BOUND_G,box,0,173,423.08117869929225
MULTI_BOUND_G,box,0,174,423.3594782165514
MULTI_BOUND_G,box,0,175,423.79286360007654
MULTI_BOUND_G,box,0,176,423.6159045468624
MULTI_BOUND_G,box,0,177,424.3348348687492
MULTI_BOUND_G,box,0,178,424.1486844462049
MULTI_BOUND_G,box,0,179,424.2422256485919
MULTI_BOUND_G,box,0,180,424.5510954762202
MULTI_BOUND_G,box,0,181,424.2203615746795
MULTI_BOUND_G,box,0,182,424.5183557271352
MULTI_BOUND_G,box,0,183,424.5489033637441
MULTI_BOUND_G,box,0,184,425.0656544950979
MULTI_BOUND_G,box,0,185,424.38495972046854
MULTI_BOUND_G,box,0,186,424.89330311942825
MULTI_BOUND_G,box,0,187,425.18724610980433
MULTI_BOUND_G,box,0,188,425.47697918244234
MULTI_BOUND_G,box,0,189,425.17045418665725
MULTI_BOUND_G,box,0,190,425.4499558247653
MULTI_BOUND_G,box,0,191,423.5456271983237
MULTI_BOUND_G,box,0,192,428.322969751727
MULTI_BOUND_G,box,0,193,422.82827047551064
MULTI_BOUND_G,box,0,194,424.732221372961
MULTI_BOUND_G,box,0,195,424.7363116376758
MULTI_BOUND_G,box,0,196,424.94702080135767
MULTI_BOUND_G,box,0,197,425.1888020222188
MULTI_BOUND_G,box,0,198,423.9471087633562
MULTI_BOUND_G,box,0,199,424.1578179270381
MULTI_BOUND_G,box,0,200,424.3995991478992
MULTI_BOUND_G,box,0,201,423.96164003939197
MULTI_BOUND_G,box,0,202,424.17234920307385
MULTI_BOUND_G,box,0,203,424.414130423935
MULTI_BOUND_G,box,0,204,423.3395141804309
MULTI_BOUND_G,box,0,205,424.10596525742574
MULTI_BOUND_G,box,0,206,425.27782189135183
MULTI_BOUND_G,box,0,207,425.1924209023694
MULTI_BOUND_G,box,0,208,425.4031300660513
MULTI_BOUND_G,box,0,209,425.6449112869124
MULTI_BOUND_G,box,0,210,424.434864407955
MULTI_BOUND_G,box,0,211,424.6455735716369
MULTI_BOUND_G,box,0,212,424.887354792498
MULTI_BOUND_G,box,0,213,424.42568571663566
MULTI_BOUND_G,box,0,214,424.63639488031754
MULTI_BOUND_G,box,0,215,424.87817610117867
MULTI_BOUND_G,box,0,216,423.41147169577783
MULTI_BOUND_G,box,0,217,428.1846009205308
MULTI_BOUND_G,box,0,218,422.68990164431443
MULTI_BOUND_G,box,0,219,424.5964871567943
MULTI_BOUND_G,box,0,220,424.5973154462801
MULTI_BOUND_G,box,0,221,424.808024609962
MULTI_BOUND_G,box,0,222,425.0498058308231
MULTI_BOUND_G,box,0,223,423.80810397518877
MULTI_BOUND_G,box,0,224,424.01881313887066
MULTI_BOUND_G,box,0,225,424.2605943597318
MULTI_BOUND_G,box,0,226,423.82249691591164
MULTI_BOUND_G,box,0,227,424.0332060795935
MULTI_BOUND_G,box,0,228,424.27498730045465
MULTI_BOUND_G,box,0,229,423.1948912844048
MULTI_BOUND_G,box,0,230,423.9684191742037
MULTI_BOUND_G,box,0,231,425.1376260763158
MULTI_BOUND_G,box,0,232,425.04416315080766
MULTI_BOUND_G,box,0,233,425.25487231448955
MULTI_BOUND_G,box,0,234,425.4966535353507
MULTI_BOUND_G,box,0,235,424.2877574038421
MULTI_BOUND_G,box,0,236,424.49846656752396
MULTI_BOUND_G,box,0,237,424.7402477883851
MULTI_BOUND_G,box,0,238,424.2775724953688
MULTI_BOUND_G,box,0,239,424.4882816590507
MULTI_BOUND_G,box,0,240,424.7300628799118
MULTI_BOUND_G,box,0,241,425.82187460304186
MULTI_BOUND_G,box,0,242,425.6472529746782
MULTI_BOUND_G,box,0,243,426.3590933902992
MULTI_BOUND_G,box,0,244,426.17570499642
MULTI_BOUND_G,box,0,245,426.2868237685895
MULTI_BOUND_G,box,0,246,426.59618594559294
MULTI_BOUND_G,box,0,247,426.26471649371814
MULTI_BOUND_G,box,0,248,426.5633529435271
MULTI_BOUND_G,box,0,249,423.10956987423725
MULTI_BOUND_G,box,0,250,424.47197109644543
MULTI_BOUND_G,box,0,251,425.13880578530956
MULTI_BOUND_G,box,0,252,422.77531096716694
MULTI_BOUND_G,box,0,253,422.85153419668717
MULTI_BOUND_G,box,0,254,423.0170921880281
MULTI_BOUND_G,box,0,255,426.45048111237713
MULTI_BOUND_G,box,0,256,422.58196126397166
MULTI_BOUND_G,box,0,257,422.3712521002898
MULTI_BOUND_G,box,0,258,422.8237424848328
MULTI_BOUND_G,box,0,259,423.19860046426953
MULTI_BOUND_G,box,0,260,423.4093096279514
MULTI_BOUND_G,box,0,261,423.65109084881254
MULTI_BOUND_G,box,0,262,423.6180830746497
MULTI_BOUND_G,box,0,263,424.96378571773494
MULTI_BOUND_G,box,0,264,425.6770768554522
MULTI_BOUND_G,box,0,265,423.002856270981
MULTI_BOUND_G,box,0,266,423.0790795005012
MULTI_BOUND_G,box,0,267,423.2446374918421
MULTI_BOUND_G,box,0,268,422.82213097109815
MULTI_BOUND_G,box,0,269,422.61142180741626
MULTI_BOUND_G,box,0,270,423.0639121919593
MULTI_BOUND_G,box,0,271,426.9714005627166
MULTI_BOUND_G,box,0,272,423.41289836877866
MULTI_BOUND_G,box,0,273,423.62360753246054
MULTI_BOUND_G,box,0,274,423.86538875332167
MULTI_BOUND_G,box,0,275,423.11104470404223
MULTI_BOUND_G,box,0,276,424.46988289509494
MULTI_BOUND_G,box,0,277,425.14808320547365
MULTI_BOUND_G,box,0,278,422.7713261524968
MULTI_BOUND_G,box,0,279,422.847549382017
MULTI_BOUND_G,box,0,280,423.0131073733579
MULTI_BOUND_G,box,0,281,426.45520376367733
MULTI_BOUND_G,box,0,282,422.575603833013
MULTI_BOUND_G,box,0,283,422.36489466933114
MULTI_BOUND_G,box,0,284,422.81738505387415
MULTI_BOUND_G,box,0,285,423.1970452860033
MULTI_BOUND_G,box,0,286,423.40775444968517
MULTI_BOUND_G,box,0,287,423.6495356705463
MULTI_BOUND_G,box,0,288,423.624928769449
MULTI_BOUND_G,box,0,289,424.96588002517313
MULTI_BOUND_G,box,0,290,425.6928740046319
MULTI_BOUND_G,box,0,291,422.9904021191787
MULTI_BOUND_G,box,0,292,423.06662534869895
MULTI_BOUND_G,box,0,293,423.23218334003985
MULTI_BOUND_G,box,0,294,422.808025545414
MULTI_BOUND_G,box,0,295,422.5973163817321
MULTI_BOUND_G,box,0,296,423.04980676627514
MULTI_BOUND_G,box,0,297,426.98144576031285
MULTI_BOUND_G,box,0,298,423.40261940589573
MULTI_BOUND_G,box,0,299,423.6133285695776
MULTI_BOUND_G,box,0,300,423.85510979043875
MULTI_BOUND_G,box,0,301,424.1801921710872
MULTI_BOUND_G,box,0,302,424.70111502262193
MULTI_BOUND_G,box,0,303,424.01439686737933
MULTI_BOUND_G,box,0,304,424.52649899683115
MULTI_BOUND_G,box,0,305,424.80875232055587
MULTI_BOUND_G,box,0,306,425.09740282880426
MULTI_BOUND_G,box,0,307,424.79232612374363
MULTI_BOUND_G,box,0,308,425.0706256410028
MULTI_BOUND_G,box,0,309,425.49243420432293
MULTI_BOUND_G,box,0,310,425.3154751511088
MULTI_BOUND_G,box,0,311,426.03440547299556
MULTI_BOUND_G,box,0,312,425.8482550504513
MULTI_BOUND_G,box,0,313,425.9417962528383
MULTI_BOUND_G,box,0,314,426.2506660804666
MULTI_BOUND_G,box,0,315,425.9199321789259
MULTI_BOUND_G,box,0,316,426.21792633138153
MULTI_BOUND_G,box,0,317,423.0756247416069
MULTI_BOUND_G,box,0,318,425.0223837569457
MULTI_BOUND_G,box,0,319,424.30502703413265
MULTI_BOUND_G,box,0,320,426.20897793158304
MULTI_BOUND_G,box,0,321,426.2130681962978
MULTI_BOUND_G,box,0,322,426.4237773599797
MULTI_BOUND_G,box,0,323,426.6655585808408
MULTI_BOUND_G,box,0,324,425.4238653219782
MULTI_BOUND_G,box,0,325,425.6345744856601
MULTI_BOUND_G,box,0,326,425.8763557065212
MULTI_BOUND_G,box,0,327,425.438396598014
MULTI_BOUND_G,box,0,328,425.64910576169586
MULTI_BOUND_G,box,0,329,425.890886982557
MULTI_BOUND_G,box,0,330,426.2765276694083
MULTI_BOUND_G,box,0,331,426.7932788007621
MULTI_BOUND_G,box,0,332,426.11258402613277
MULTI_BOUND_G,box,0,333,426.6209274250925
MULTI_BOUND_G,box,0,334,426.91487041546856
MULTI_BOUND_G,box,0,335,427.20460348810656
MULTI_BOUND_G,box,0,336,426.8980784923215
MULTI_BOUND_G,box,0,337,427.17758013042953
MULTI_BOUND_G,box,0,338,423.5713046558182
MULTI_BOUND_G,box,0,339,424.7873588340974
MULTI_BOUND_G,box,0,340,425.55380991109223
MULTI_BOUND_G,box,0,341,426.7256665450183
MULTI_BOUND_G,box,0,342,426.6402655560359
MULTI_BOUND_G,box,0,343,426.8509747197178
MULTI_BOUND_G,box,0,344,422.2577401176635
MULTI_BOUND_G,box,0,345,425.8827090616215
MULTI_BOUND_G,box,0,346,426.09341822530337
MULTI_BOUND_G,box,0,347,426.3351994461645
MULTI_BOUND_G,box,0,348,425.87353037030215
MULTI_BOUND_G,box,0,349,426.08423953398403
MULTI_BOUND_G,box,0,350,422.2460187170933
MULTI_BOUND_G,box,0,351,422.9483808435129
MULTI_BOUND_G,box,0,352,424.89861789426163
MULTI_BOUND_G,box,0,353,424.1770478427982
MULTI_BOUND_G,box,0,354,426.0836333552781
MULTI_BOUND_G,box,0,355,426.0844616447639
MULTI_BOUND_G,box,0,356,426.2951708084458
MULTI_BOUND_G,box,0,357,426.5369520293069
MULTI_BOUND_G,box,0,358,425.29525017367257
MULTI_BOUND_G,box,0,359,425.50595933735445
MULTI_BOUND_G,box,0,360,425.7477405582156
MULTI_BOUND_G,box,0,361,425.30964311439544
MULTI_BOUND_G,box,0,362,425.5203522780773
MULTI_BOUND_G,box,0,363,425.76213349893845
MULTI_BOUND_G,box,0,364,423.4399822552402
MULTI_BOUND_G,box,0,365,424.6543649712344
MULTI_BOUND_G,box,0,366,425.42789286103334
MULTI_BOUND_G,box,0,367,426.5970997631455
MULTI_BOUND_G,box,0,368,426.5036368376373
MULTI_BOUND_G,box,0,369,426.7143460013192
MULTI_BOUND_G,box,0,370,426.9561272221803
MULTI_BOUND_G,box,0,371,425.74723109067173
MULTI_BOUND_G,box,0,372,425.9579402543536
MULTI_BOUND_G,box,0,373,426.19972147521474
MULTI_BOUND_G,box,0,374,425.73704618219847
MULTI_BOUND_G,box,0,375,425.94775534588035
MULTI_BOUND_G,box,0,376,426.1895365667415
MULTI_BOUND_G,box,0,377,427.538430121262
MULTI_BOUND_G,box,0,378,427.3638084928984
MULTI_BOUND_G,box,0,379,428.0756489085194
MULTI_BOUND_G,box,0,380,427.89226051464016
MULTI_BOUND_G,box,0,381,428.00337928680966
MULTI_BOUND_G,box,0,382,428.3127414638131
MULTI_BOUND_G,box,0,383,427.9812720119383
MULTI_BOUND_G,box,0,384,428.27990846174725
MULTI_BOUND_G,box,0,385,424.75833785262375
MULTI_BOUND_G,box,0,386,426.12073907483193
MULTI_BOUND_G,box,0,387,426.78757376369606
MULTI_BOUND_G,box,0,388,424.42407894555345
MULTI_BOUND_G,box,0,389,424.50030217507367
MULTI_BOUND_G,box,0,390,424.6658601664146
MULTI_BOUND_G,box,0,391,428.09924909076364
MULTI_BOUND_G,box,0,392,424.23072924235817
MULTI_BOUND_G,box,0,393,424.0200200786763
MULTI_BOUND_G,box,0,394,424.4725104632193
MULTI_BOUND_G,box,0,395,424.84736844265603
MULTI_BOUND_G,box,0,396,425.0580776063379
MULTI_BOUND_G,box,0,397,425.29985882719905
MULTI_BOUND_G,box,0,398,425.2482841844556
MULTI_BOUND_G,box,0,399,426.59398682754085
MULTI_BOUND_G,box,0,400,427.3072779652581
MULTI_BOUND_G,box,0,401,424.6330573807869
MULTI_BOUND_G,box,0,402,424.70928061030713
MULTI_BOUND_G,box,0,403,424.87483860164804
MULTI_BOUND_G,box,0,404,422.3401399002973
MULTI_BOUND_G,box,0,405,424.452332080904
MULTI_BOUND_G,box,0,406,424.2416229172221
MULTI_BOUND_G,box,0,407,424.6941133017651
MULTI_BOUND_G,box,0,408,428.6016016725225
MULTI_BOUND_G,box,0,409,425.04309947858457
MULTI_BOUND_G,box,0,410,425.25380864226645
MULTI_BOUND_G,box,0,411,425.4955898631276
MULTI_BOUND_G,box,0,412,424.76211872958277
MULTI_BOUND_G,box,0,413,426.1209569206355
MULTI_BOUND_G,box,0,414,426.7991572310142
MULTI_BOUND_G,box,0,415,424.4224001780373
MULTI_BOUND_G,box,0,416,424.49862340755755
MULTI_BOUND_G,box,0,417,424.66418139889845
MULTI_BOUND_G,box,0,418,428.10627778921787
MULTI_BOUND_G,box,0,419,424.22667785855356
MULTI_BOUND_G,box,0,420,424.0159686948717
MULTI_BOUND_G,box,0,421,424.4684590794147
MULTI_BOUND_G,box,0,422,424.8481193115438
MULTI_BOUND_G,box,0,423,425.0588284752257
MULTI_BOUND_G,box,0,424,425.30060969608684
MULTI_BOUND_G,box,0,425,425.25812700047436
MULTI_BOUND_G,box,0,426,426.5990782561985
MULTI_BOUND_G,box,0,427,427.32607223565725
MULTI_BOUND_G,box,0,428,424.6236003502041
MULTI_BOUND_G,box,0,429,424.6998235797243
MULTI_BOUND_G,box,0,430,424.8653815710652
MULTI_BOUND_G,box,0,431,422.33513330508515
MULTI_BOUND_G,box,0,432,424.44122377643936
MULTI_BOUND_G,box,0,433,424.2305146127575
MULTI_BOUND_G,box,0,434,424.6830049973005
MULTI_BOUND_G,box,0,435,428.6146439913382
MULTI_BOUND_G,box,0,436,425.0358176369211
MULTI_BOUND_G,box,0,437,425.24652680060296
MULTI_BOUND_G,box,0,438,425.4883080214641
MULTI_BOUND_G,box,0,439,424.2492820753444
MULTI_BOUND_G,box,0,440,424.77020492687916
MULTI_BOUND_G,box,0,441,424.08348677163656
MULTI_BOUND_G,box,0,442,424.5955889010884
MULTI_BOUND_G,box,0,443,424.8778422248131
MULTI_BOUND_G,box,0,444,425.1664927330615
MULTI_BOUND_G,box,0,445,424.86141602800086
MULTI_BOUND_G,box,0,446,425.13971554526
MULTI_BOUND_G,box,0,447,425.57786422017756
MULTI_BOUND_G,box,0,448,425.4009051669634
MULTI_BOUND_G,box,0,449,426.1198354888502
MULTI_BOUND_G,box,0,450,425.93368506630594
MULTI_BOUND_G,box,0,451,426.0272262686929
MULTI_BOUND_G,box,0,452,426.3360960963212
MULTI_BOUND_G,box,0,453,426.0053621947805
MULTI_BOUND_G,box,0,454,426.30335634723616
MULTI_BOUND_G,box,0,455,426.32074286670326
MULTI_BOUND_G,box,0,456,426.8374939980571
MULTI_BOUND_G,box,0,457,426.1567992234277
MULTI_BOUND_G,box,0,458,426.6651426223874
MULTI_BOUND_G,box,0,459,426.9590856127635
MULTI_BOUND_G,box,0,460,427.2488186854015
MULTI_BOUND_G,box,0,461,426.9422936896164
MULTI_BOUND_G,box,0,462,427.22179532772446
MULTI_BOUND_G,box,0,463,423.40652745895926
MULTI_BOUND_G,box,0,464,425.3532864742981
MULTI_BOUND_G,box,0,465,424.63592975148504
MULTI_BOUND_G,box,0,466,426.5398806489354
MULTI_BOUND_G,box,0,467,426.5439709136502
MULTI_BOUND_G,box,0,468,426.75468007733207
MULTI_BOUND_G,box,0,469,426.9964612981932
MULTI_BOUND_G,box,0,470,425.7547680393306
MULTI_BOUND_G,box,0,471,425.9654772030125
MULTI_BOUND_G,box,0,472,426.2072584238736
MULTI_BOUND_G,box,0,473,425.76929931536637
MULTI_BOUND_G,box,0,474,425.98000847904825
MULTI_BOUND_G,box,0,475,426.2217896999094
MULTI_BOUND_G,box,0,476,423.92829002255456
MULTI_BOUND_G,box,0,477,425.14434420083376
MULTI_BOUND_G,box,0,478,425.9107952778286
MULTI_BOUND_G,box,0,479,427.0826519117547
MULTI_BOUND_G,box,0,480,426.99725092277225
MULTI_BOUND_G,box,0,481,427.20796008645414
MULTI_BOUND_G,box,0,482,422.61472548439986
MULTI_BOUND_G,box,0,483,426.23969442835784
MULTI_BOUND_G,box,0,484,426.4504035920397
MULTI_BOUND_G,box,0,485,426.69218481290085
MULTI_BOUND_G,box,0,486,426.2305157370385
MULTI_BOUND_G,box,0,487,426.4412249007204
MULTI_BOUND_G,box,0,488,422.60300408382966
MULTI_BOUND_G,box,0,489,423.2697314546893
MULTI_BOUND_G,box,0,490,425.21996850543803
MULTI_BOUND_G,box,0,491,424.4983984539746
MULTI_BOUND_G,box,0,492,426.4049839664545
MULTI_BOUND_G,box,0,493,426.4058122559403
MULTI_BOUND_G,box,0,494,426.6165214196222
MULTI_BOUND_G,box,0,495,426.8583026404833
MULTI_BOUND_G,box,0,496,425.61660078484897
MULTI_BOUND_G,box,0,497,425.82730994853085
MULTI_BOUND_G,box,0,498,426.069091169392
MULTI_BOUND_G,box,0,499,425.63099372557184
MULTI_BOUND_G,box,0,500,425.8417028892537
MULTI_BOUND_G,box,0,501,426.08348411011485
MULTI_BOUND_G,box,0,502,427.5992920223122
MULTI_BOUND_G,box,0,503,427.4246703939486
MULTI_BOUND_G,box,0,504,428.1365108095696
MULTI_BOUND_G,box,0,505,427.95312241569036
MULTI_BOUND_G,box,0,506,428.06424118785986
MULTI_BOUND_G,box,0,507,428.3736033648633
MULTI_BOUND_G,box,0,508,428.0421339129885
MULTI_BOUND_G,box,0,509,428.34077036279746
MULTI_BOUND_G,box,0,510,423.7866477075492
MULTI_BOUND_G,box,0,511,425.0010304235434
MULTI_BOUND_G,box,0,512,425.77455831334237
MULTI_BOUND_G,box,0,513,426.9437652154545
MULTI_BOUND_G,box,0,514,426.85030228994634
MULTI_BOUND_G,box,0,515,427.0610114536282
MULTI_BOUND_G,box,0,516,422.46777685157394
MULTI_BOUND_G,box,0,517,426.09389654298076
MULTI_BOUND_G,box,0,518,426.30460570666264
MULTI_BOUND_G,box,0,519,426.54638692752377
MULTI_BOUND_G,box,0,520,426.0837116345075
MULTI_BOUND_G,box,0,521,426.2944207981894
MULTI_BOUND_G,box,0,522,422.45619998129865
MULTI_BOUND_G,box,0,523,424.90905802580676
MULTI_BOUND_G,box,0,524,426.27145924801493
MULTI_BOUND_G,box,0,525,426.93829393687906
MULTI_BOUND_G,box,0,526,424.57479911873645
MULTI_BOUND_G,box,0,527,424.6510223482567
MULTI_BOUND_G,box,0,528,424.8165803395976
MULTI_BOUND_G,box,0,529,428.24996926394664
MULTI_BOUND_G,box,0,530,422.3084141103761
MULTI_BOUND_G,box,0,531,424.38144941554117
MULTI_BOUND_G,box,0,532,424.1707402518593
MULTI_BOUND_G,box,0,533,424.6232306364023
MULTI_BOUND_G,box,0,534,424.99808861583904
MULTI_BOUND_G,box,0,535,425.2087977795209
MULTI_BOUND_G,box,0,536,425.45057900038205
MULTI_BOUND_G,box,0,537,425.42122505867195
MULTI_BOUND_G,box,0,538,426.7669277017572
MULTI_BOUND_G,box,0,539,427.48021883947445
MULTI_BOUND_G,box,0,540,424.80599825500326
MULTI_BOUND_G,box,0,541,424.8822214845235
MULTI_BOUND_G,box,0,542,425.0477794758644
MULTI_BOUND_G,box,0,543,422.51308077451364
MULTI_BOUND_G,box,0,544,424.62527295512035
MULTI_BOUND_G,box,0,545,424.41456379143847
MULTI_BOUND_G,box,0,546,424.8670541759815
MULTI_BOUND_G,box,0,547,428.77454254673887
MULTI_BOUND_G,box,0,548,425.2160403528009
MULTI_BOUND_G,box,0,549,425.4267495164828
MULTI_BOUND_G,box,0,550,422.3590599421428
MULTI_BOUND_G,box,0,551,424.9099487659643
MULTI_BOUND_G,box,0,552,426.268786957017
MULTI_BOUND_G,box,0,553,426.94698726739574
MULTI_BOUND_G,box,0,554,424.57023021441887
MULTI_BOUND_G,box,0,555,424.6464534439391
MULTI_BOUND_G,box,0,556,424.81201143528
MULTI_BOUND_G,box,0,557,428.2541078255994
MULTI_BOUND_G,box,0,558,422.3093080098082
MULTI_BOUND_G,box,0,559,424.3745078949351
MULTI_BOUND_G,box,0,560,424.1637987312532
MULTI_BOUND_G,box,0,561,424.61628911579623
MULTI_BOUND_G,box,0,562,424.9959493479254
MULTI_BOUND_G,box,0,563,425.20665851160726
MULTI_BOUND_G,box,0,564,425.4484397324684
MULTI_BOUND_G,box,0,565,425.42748775038865
MULTI_BOUND_G,box,0,566,426.76843900611277
MULTI_BOUND_G,box,0,567,427.49543298557154
MULTI_BOUND_G,box,0,568,424.79296110011836
MULTI_BOUND_G,box,0,569,424.8691843296386
MULTI_BOUND_G,box,0,570,425.0347423209795
MULTI_BOUND_G,box,0,571,422.50449405499944
MULTI_BOUND_G,box,0,572,424.61058452635365
MULTI_BOUND_G,box,0,573,424.39987536267176
MULTI_BOUND_G,box,0,574,424.8523657472148
MULTI_BOUND_G,box,0,575,428.7840047412525
MULTI_BOUND_G,box,0,576,425.20517838683537
MULTI_BOUND_G,box,0,577,425.41588755051725
MULTI_BOUND_G,box,0,578,422.34819797617723
MULTI_BOUND_G,box,0,579,423.63845893923406
MULTI_BOUND_G,box,0,580,423.49589105798884
MULTI_BOUND_G,box,0,581,423.42801467588754
MULTI_BOUND_G,box,0,582,422.8944844500964
MULTI_BOUND_G,box,0,583,422.8977669092621
MULTI_BOUND_G,box,0,584,422.68404018674994
MULTI_BOUND_G,box,0,585,423.6404603418756
MULTI_BOUND_G,box,0,586,423.64374280104136
MULTI_BOUND_G,box,0,587,423.43001607852915
MULTI_BOUND_G,box,0,588,422.93449455221304
MULTI_BOUND_G,box,0,589,428.1019478825328
MULTI_BOUND_G,box,0,590,423.12584705230694
MULTI_BOUND_G,box,0,591,428.2154051872034
MULTI_BOUND_G,box,0,592,422.93577793672523
MULTI_BOUND_G,box,0,593,427.25934966641023
MULTI_BOUND_G,box,0,594,423.11914342119616
MULTI_BOUND_G,box,0,595,424.00908813410604
MULTI_BOUND_G,box,0,596,423.8665202528609
MULTI_BOUND_G,box,0,597,423.7986438707596
MULTI_BOUND_G,box,0,598,422.4072250067625
MULTI_BOUND_G,box,0,599,423.25510573037025
MULTI_BOUND_G,box,0,600,423.25838818953594
MULTI_BOUND_G,box,0,601,423.0446614670238
MULTI_BOUND_G,box,0,602,424.02736996024214
MULTI_BOUND_G,box,0,603,424.0306524194078
MULTI_BOUND_G,box,0,604,422.2591117854956
MULTI_BOUND_G,box,0,605,423.11861573596025
MULTI_BOUND_G,box,0,606,423.33291364046937
MULTI_BOUND_G,box,0,607,428.9695249449271
MULTI_BOUND_G,box,0,608,423.117060557694
MULTI_BOUND_G,box,0,609,423.32263467758645
MULTI_BOUND_G,box,0,610,423.3557521925412
MULTI_BOUND_G,box,0,611,423.7908859648295
MULTI_BOUND_G,box,0,612,423.22699870892274
MULTI_BOUND_G,box,0,613,423.6544017767258
MULTI_BOUND_G,box,0,614,424.7032000187473
MULTI_BOUND_G,box,0,615,424.8989310546758
MULTI_BOUND_G,box,0,616,424.7039508876351
MULTI_BOUND_G,box,0,617,424.89164921301233
MULTI_BOUND_G,box,0,618,423.71733776981927
MULTI_BOUND_G,box,0,619,424.17855419149146
MULTI_BOUND_G,box,0,620,423.57903218002474
MULTI_BOUND_G,box,0,621,424.0317500889604
MULTI_BOUND_G,box,0,622,424.8846030518559
MULTI_BOUND_G,box,0,623,425.10255478881777
MULTI_BOUND_G,box,0,624,424.8824637839422
MULTI_BOUND_G,box,0,625,425.0916928228522
MULTI_BOUND_G,box,0,626,424.3033289376216
MULTI_BOUND_G,box,0,627,424.3708131518091
MULTI_BOUND_G,box,0,628,426.2079551743452
MULTI_BOUND_G,box,0,629,426.2698892724763
MULTI_BOUND_G,box,0,630,424.9626179666851
MULTI_BOUND_G,box,0,631,426.12138561511637
MULTI_BOUND_G,box,0,632,425.57691138224504
MULTI_BOUND_G,box,0,633,426.73033774826683
MULTI_BOUND_G,box,0,634,425.52608370597017
MULTI_BOUND_G,box,0,635,425.5916067249986
MULTI_BOUND_G,box,0,636,427.43134936980914
MULTI_BOUND_G,box,0,637,427.4922317339981
MULTI_BOUND_G,box,0,638,425.50005783303465
MULTI_BOUND_G,box,0,639,426.63437205410105
MULTI_BOUND_G,box,0,640,426.12154420113484
MULTI_BOUND_G,box,0,641,427.2512605998016
MULTI_BOUND_G,box,0,642,424.83097069776153
MULTI_BOUND_G,box,0,643,424.86749004056827
MULTI_BOUND_G,box,0,644,426.7562971654252
MULTI_BOUND_G,box,0,645,426.78794231661965
MULTI_BOUND_G,box,0,646,424.79682695998594
MULTI_BOUND_G,box,0,647,425.95573724349316
MULTI_BOUND_G,box,0,648,425.41125441385003
MULTI_BOUND_G,box,0,649,426.564542444559
MULTI_BOUND_G,box,0,650,426.0454451393098
MULTI_BOUND_G,box,0,651,426.08153464896867
MULTI_BOUND_G,box,0,652,427.97035518199357
MULTI_BOUND_G,box,0,653,428.0024196203128
MULTI_BOUND_G,box,0,654,425.3260794520831
MULTI_BOUND_G,box,0,655,426.45961149801536
MULTI_BOUND_G,box,0,656,425.947934392498
MULTI_BOUND_G,box,0,657,427.0766445740108
MULTI_BOUND_G,box,0,658,425.7284163257542
MULTI_BOUND_G,box,0,659,425.9997141858621
MULTI_BOUND_G,box,0,660,423.48623827234195
MULTI_BOUND_G,box,0,661,424.7087440467534
MULTI_BOUND_G,box,0,662,424.00578975962645
MULTI_BOUND_G,box,0,663,427.6254635392173
MULTI_BOUND_G,box,0,664,425.21832464743295
MULTI_BOUND_G,box,0,665,427.88721577757303
MULTI_BOUND_G,box,0,666,423.7881361798953
MULTI_BOUND_G,box,0,667,424.9841094821775
MULTI_BOUND_G,box,0,668,426.8466926118743
MULTI_BOUND_G,box,0,669,424.32031207049215
MULTI_BOUND_G,box,0,670,427.11545655348726
MULTI_BOUND_G,box,0,671,425.5069751556813
MULTI_BOUND_G,box,0,672,428.74510220013156
MULTI_BOUND_G,box,0,673,429.00501986194683
MULTI_BOUND_G,box,0,674,423.4673824391258
MULTI_BOUND_G,box,0,675,426.35993063827345
MULTI_BOUND_G,box,0,676,424.69535101728695
MULTI_BOUND_G,box,0,677,426.60547968540476
MULTI_BOUND_G,box,0,678,423.9845613101218
MULTI_BOUND_G,box,0,679,425.20189845062066
MULTI_BOUND_G,box,0,680,428.275988258981
MULTI_BOUND_G,box,0,681,428.51234876513195
MULTI_BOUND_G,box,0,682,423.75918380317444
MULTI_BOUND_G,box,0,683,424.95960754082734
MULTI_BOUND_G,box,0,684,424.2897084198895
MULTI_BOUND_G,box,0,685,425.4801979678798
MULTI_BOUND_G,box,0,686,427.4750817838208
MULTI_BOUND_G,box,0,687,427.7191540966645
MULTI_BOUND_G,box,0,688,429.3916143655831
MULTI_BOUND_G,box,0,689,429.62717678089524
MULTI_BOUND_G,box,0,690,423.0428613701594
MULTI_BOUND_G,box,0,691,423.47979410603625
MULTI_BOUND_G,box,0,692,422.9137261612773
MULTI_BOUND_G,box,0,693,423.3425134026418
MULTI_BOUND_G,box,0,694,424.40480578772576
MULTI_BOUND_G,box,0,695,424.59615828781966
MULTI_BOUND_G,box,0,696,424.40608917223796
MULTI_BOUND_G,box,0,697,424.5894546567089
MULTI_BOUND_G,box,0,698,423.43130407316494
MULTI_BOUND_G,box,0,699,423.8953497504086
MULTI_BOUND_G,box,0,700,423.2921609496846
MULTI_BOUND_G,box,0,701,423.7472365291418
MULTI_BOUND_G,box,0,702,424.60674047960646
MULTI_BOUND_G,box,0,703,424.8210383841156
MULTI_BOUND_G,box,0,704,424.6051853013402
MULTI_BOUND_G,box,0,705,424.81075942123266
MULTI_BOUND_G,box,0,706,424.8020448426454
MULTI_BOUND_G,box,0,707,425.23717861493355
MULTI_BOUND_G,box,0,708,424.67329135902685
MULTI_BOUND_G,box,0,709,425.1006944268299
MULTI_BOUND_G,box,0,710,426.1494926688514
MULTI_BOUND_G,box,0,711,426.3452237047799
MULTI_BOUND_G,box,0,712,426.1502435377392
MULTI_BOUND_G,box,0,713,426.33794186311644
MULTI_BOUND_G,box,0,714,425.1820269171455
MULTI_BOUND_G,box,0,715,425.6432433388177
MULTI_BOUND_G,box,0,716,425.04372132735097
MULTI_BOUND_G,box,0,717,425.4964392362866
MULTI_BOUND_G,box,0,718,426.3492921991821
MULTI_BOUND_G,box,0,719,426.567243936144
MULTI_BOUND_G,box,0,720,426.34715293126845
MULTI_BOUND_G,box,0,721,426.55638197017845
MULTI_BOUND_G,box,0,722,426.22864677233116
MULTI_BOUND_G,box,0,723,426.2961309865187
MULTI_BOUND_G,box,0,724,428.1332730090548
MULTI_BOUND_G,box,0,725,428.19520710718587
MULTI_BOUND_G,box,0,726,426.8879358013947
MULTI_BOUND_G,box,0,727,428.04670344982594
MULTI_BOUND_G,box,0,728,427.50222921695456
MULTI_BOUND_G,box,0,729,428.6556555829764
MULTI_BOUND_G,box,0,730,427.44722982049876
MULTI_BOUND_G,box,0,731,427.5127528395272
MULTI_BOUND_G,box,0,732,429.35249548433774
MULTI_BOUND_G,box,0,733,429.4133778485267
MULTI_BOUND_G,box,0,734,427.42120394756324
MULTI_BOUND_G,box,0,735,428.55551816862965
MULTI_BOUND_G,box,0,736,428.04269031566344
MULTI_BOUND_G,box,0,737,429.1724067143302
MULTI_BOUND_G,box,0,738,426.7581401929034
MULTI_BOUND_G,box,0,739,426.7946595357101
MULTI_BOUND_G,box,0,740,428.6834666605671
MULTI_BOUND_G,box,0,741,428.7151118117615
MULTI_BOUND_G,box,0,742,426.7239964551278
MULTI_BOUND_G,box,0,743,427.88290673863503
MULTI_BOUND_G,box,0,744,427.3384239089919
MULTI_BOUND_G,box,0,745,428.49171193970085
MULTI_BOUND_G,box,0,746,427.96885590395954
MULTI_BOUND_G,box,0,747,428.00494541361843
MULTI_BOUND_G,box,0,748,429.8937659466433
MULTI_BOUND_G,box,0,749,429.92583038496264
MULTI_BOUND_G,box,0,750,427.24949021673285
MULTI_BOUND_G,box,0,751,428.3830222626651
MULTI_BOUND_G,box,0,752,427.87134515714774
MULTI_BOUND_G,box,0,753,429.00005533866056
MULTI_BOUND_G,box,0,754,427.66351675705533
MULTI_BOUND_G,box,0,755,427.9348146171632
MULTI_BOUND_G,box,0,756,425.4213387036431
MULTI_BOUND_G,box,0,757,426.64384447805446
MULTI_BOUND_G,box,0,758,425.9408901909276
MULTI_BOUND_G,box,0,759,429.5605639705185
MULTI_BOUND_G,box,0,760,427.153425078734
MULTI_BOUND_G,box,0,761,429.82231620887416
MULTI_BOUND_G,box,0,762,425.724319175586
MULTI_BOUND_G,box,0,763,426.9202924778682
MULTI_BOUND_G,box,0,764,428.782875607565
MULTI_BOUND_G,box,0,765,426.2564950661829
MULTI_BOUND_G,box,0,766,429.051639549178
MULTI_BOUND_G,box,0,767,427.443158151372
MULTI_BOUND_G,box,0,768,430.6812851958223
MULTI_BOUND_G,box,0,769,430.94120285763756
MULTI_BOUND_G,box,0,770,425.4021171440921
MULTI_BOUND_G,box,0,771,428.2946653432397
MULTI_BOUND_G,box,0,772,426.6300857222532
MULTI_BOUND_G,box,0,773,428.54021439037103
MULTI_BOUND_G,box,0,774,425.9192960150881
MULTI_BOUND_G,box,0,775,427.136633155587
MULTI_BOUND_G,box,0,776,430.2107229639473
MULTI_BOUND_G,box,0,777,430.4470834700982
MULTI_BOUND_G,box,0,778,425.6951206289896
MULTI_BOUND_G,box,0,779,426.8955443666425
MULTI_BOUND_G,box,0,780,426.2256452457047
MULTI_BOUND_G,box,0,781,427.41613479369505
MULTI_BOUND_G,box,0,782,429.411018609636
MULTI_BOUND_G,box,0,783,429.6550909224797
MULTI_BOUND_G,box,0,784,431.32755119139824
MULTI_BOUND_G,box,0,785,431.56311360671043
MULTI_BOUND_G,box,0,786,424.2260381751869
MULTI_BOUND_G,box,0,787,424.0834702939417
MULTI_BOUND_G,box,0,788,424.01559391184037
MULTI_BOUND_G,box,0,789,422.5970621064763
MULTI_BOUND_G,box,0,790,423.48206368604923
MULTI_BOUND_G,box,0,791,423.4853461452149
MULTI_BOUND_G,box,0,792,423.27161942270277
MULTI_BOUND_G,box,0,793,424.22803957782844
MULTI_BOUND_G,box,0,794,424.2313220369942
MULTI_BOUND_G,box,0,795,422.45978140308193
MULTI_BOUND_G,box,0,796,423.52207378816587
MULTI_BOUND_G,box,0,797,423.71342628825977
MULTI_BOUND_G,box,0,798,423.52335717267806
MULTI_BOUND_G,box,0,799,423.706722657149
MULTI_BOUND_G,box,0,800,424.60346499639286
MULTI_BOUND_G,box,0,801,424.46089711514765
MULTI_BOUND_G,box,0,802,422.5375561918055
MULTI_BOUND_G,box,0,803,423.0016018690492
MULTI_BOUND_G,box,0,804,423.849482592657
MULTI_BOUND_G,box,0,805,423.8527650518227
MULTI_BOUND_G,box,0,806,422.39841306832517
MULTI_BOUND_G,box,0,807,424.62174682252885
MULTI_BOUND_G,box,0,808,422.85348864778234
MULTI_BOUND_G,box,0,809,423.712992598247
MULTI_BOUND_G,box,0,810,423.92729050275614
MULTI_BOUND_G,box,0,811,423.71143741998077
MULTI_BOUND_G,box,0,812,423.9170115398732
MULTI_BOUND_G,box,0,813,423.935324871235
MULTI_BOUND_G,box,0,814,424.3704586435233
MULTI_BOUND_G,box,0,815,423.80657138761654
MULTI_BOUND_G,box,0,816,424.2339744554196
MULTI_BOUND_G,box,0,817,425.2827726974411
MULTI_BOUND_G,box,0,818,425.4785037333696
MULTI_BOUND_G,box,0,819,425.2835235663289
MULTI_BOUND_G,box,0,820,425.47122189170614
MULTI_BOUND_G,box,0,821,424.30313136359354
MULTI_BOUND_G,box,0,822,424.7643477852657
MULTI_BOUND_G,box,0,823,424.164825773799
MULTI_BOUND_G,box,0,824,424.61754368273466
MULTI_BOUND_G,box,0,825,425.47039664563016
MULTI_BOUND_G,box,0,826,425.68834838259204
MULTI_BOUND_G,box,0,827,425.4682573777165
MULTI_BOUND_G,box,0,828,425.6774864166265
MULTI_BOUND_G,box,0,829,425.69991272969673
MULTI_BOUND_G,box,0,830,425.76739694388425
MULTI_BOUND_G,box,0,831,427.60453896642036
MULTI_BOUND_G,box,0,832,427.66647306455144
MULTI_BOUND_G,box,0,833,426.35920175876026
MULTI_BOUND_G,box,0,834,427.5179694071915
MULTI_BOUND_G,box,0,835,426.9734951743202
MULTI_BOUND_G,box,0,836,428.126921540342
MULTI_BOUND_G,box,0,837,426.2163907403304
MULTI_BOUND_G,box,0,838,426.2529100831371
MULTI_BOUND_G,box,0,839,428.1417172079941
MULTI_BOUND_G,box,0,840,428.1733623591885
MULTI_BOUND_G,box,0,841,426.1822470025548
MULTI_BOUND_G,box,0,842,427.341157286062
MULTI_BOUND_G,box,0,843,426.7966744564189
MULTI_BOUND_G,box,0,844,427.94996248712783
MULTI_BOUND_G,box,0,845,426.9437159151832
MULTI_BOUND_G,box,0,846,427.0092389342116
MULTI_BOUND_G,box,0,847,428.84898157902217
MULTI_BOUND_G,box,0,848,428.9098639432111
MULTI_BOUND_G,box,0,849,426.91769004224767
MULTI_BOUND_G,box,0,850,428.0520042633141
MULTI_BOUND_G,box,0,851,427.53917641034786
MULTI_BOUND_G,box,0,852,428.6688928090146
MULTI_BOUND_G,box,0,853,427.45154295176934
MULTI_BOUND_G,box,0,854,427.48763246142823
MULTI_BOUND_G,box,0,855,429.37645299445313
MULTI_BOUND_G,box,0,856,429.40851743277244
MULTI_BOUND_G,box,0,857,426.73217726454266
MULTI_BOUND_G,box,0,858,427.8657093104749
MULTI_BOUND_G,box,0,859,427.35403220495755
MULTI_BOUND_G,box,0,860,428.48274238647036
MULTI_BOUND_G,box,0,861,426.94580201687603
MULTI_BOUND_G,box,0,862,427.2170998769839
MULTI_BOUND_G,box,0,863,424.70362396346377
MULTI_BOUND_G,box,0,864,425.92612973787516
MULTI_BOUND_G,box,0,865,425.2231754507483
MULTI_BOUND_G,box,0,866,428.8428492303392
MULTI_BOUND_G,box,0,867,426.4357103385547
MULTI_BOUND_G,box,0,868,429.10460146869485
MULTI_BOUND_G,box,0,869,425.025741190397
MULTI_BOUND_G,box,0,870,426.2217144926792
MULTI_BOUND_G,box,0,871,428.084297622376
MULTI_BOUND_G,box,0,872,425.5579170809939
MULTI_BOUND_G,box,0,873,428.353061563989
MULTI_BOUND_G,box,0,874,426.744580166183
MULTI_BOUND_G,box,0,875,429.9827072106333
MULTI_BOUND_G,box,0,876,430.2426248724486
MULTI_BOUND_G,box,0,877,424.67933025314744
MULTI_BOUND_G,box,0,878,427.5718784522951
MULTI_BOUND_G,box,0,879,425.9072988313086
MULTI_BOUND_G,box,0,880,427.8174274994264
MULTI_BOUND_G,box,0,881,425.19650912414346
MULTI_BOUND_G,box,0,882,426.4138462646423
MULTI_BOUND_G,box,0,883,429.48793607300263
MULTI_BOUND_G,box,0,884,429.7242965791536
MULTI_BOUND_G,box,0,885,424.9908262523926
MULTI_BOUND_G,box,0,886,426.1912499900455
MULTI_BOUND_G,box,0,887,425.52135086910766
MULTI_BOUND_G,box,0,888,426.71184041709796
MULTI_BOUND_G,box,0,889,428.706724233039
MULTI_BOUND_G,box,0,890,428.95079654588267
MULTI_BOUND_G,box,0,891,430.62325681480127
MULTI_BOUND_G,box,0,892,430.8588192301134
MULTI_BOUND_G,box,0,893,423.6004097755229
MULTI_BOUND_G,box,0,894,424.03734251139974
MULTI_BOUND_G,box,0,895,423.4712745666408
MULTI_BOUND_G,box,0,896,423.9000618080053
MULTI_BOUND_G,box,0,897,424.96235419308925
MULTI_BOUND_G,box,0,898,425.15370669318315
MULTI_BOUND_G,box,0,899,424.96363757760145
MULTI_BOUND_G,box,0,900,425.1470030620724
MULTI_BOUND_G,box,0,901,423.99589534850213
MULTI_BOUND_G,box,0,902,424.4599410257458
MULTI_BOUND_G,box,0,903,423.8567522250218
MULTI_BOUND_G,box,0,904,424.311827804479
MULTI_BOUND_G,box,0,905,425.17133175494365
MULTI_BOUND_G,box,0,906,425.3856296594528
MULTI_BOUND_G,box,0,907,425.1697765766774
MULTI_BOUND_G,box,0,908,425.37535069656985
MULTI_BOUND_G,box,0,909,425.3503420581119
MULTI_BOUND_G,box,0,910,425.7854758304002
MULTI_BOUND_G,box,0,911,425.2215885744934
MULTI_BOUND_G,box,0,912,425.6489916422965
MULTI_BOUND_G,box,0,913,426.69778988431796
MULTI_BOUND_G,box,0,914,426.8935209202465
MULTI_BOUND_G,box,0,915,426.69854075320575
MULTI_BOUND_G,box,0,916,426.886239078583
MULTI_BOUND_G,box,0,917,425.73689284333386
MULTI_BOUND_G,box,0,918,426.198109265006
MULTI_BOUND_G,box,0,919,425.59858725353934
MULTI_BOUND_G,box,0,920,426.051305162475
MULTI_BOUND_G,box,0,921,426.9041581253705
MULTI_BOUND_G,box,0,922,427.12210986233237
MULTI_BOUND_G,box,0,923,426.9020188574568
MULTI_BOUND_G,box,0,924,427.1112478963668
MULTI_BOUND_G,box,0,925,427.57959441985054
MULTI_BOUND_G,box,0,926,427.64707863403805
MULTI_BOUND_G,box,0,927,429.48422065657417
MULTI_BOUND_G,box,0,928,429.54615475470524
MULTI_BOUND_G,box,0,929,428.23888344891407
MULTI_BOUND_G,box,0,930,429.3976510973453
MULTI_BOUND_G,box,0,931,428.853176864474
MULTI_BOUND_G,box,0,932,430.0066032304958
MULTI_BOUND_G,box,0,933,428.0984098553347
MULTI_BOUND_G,box,0,934,428.1349291981414
MULTI_BOUND_G,box,0,935,430.0237363229984
MULTI_BOUND_G,box,0,936,430.0553814741928
MULTI_BOUND_G,box,0,937,428.0642661175591
MULTI_BOUND_G,box,0,938,429.2231764010663
MULTI_BOUND_G,box,0,939,428.6786935714232
MULTI_BOUND_G,box,0,940,429.83198160213215
MULTI_BOUND_G,box,0,941,428.8186451239217
MULTI_BOUND_G,box,0,942,428.88416814295016
MULTI_BOUND_G,box,0,943,430.7239107877607
MULTI_BOUND_G,box,0,944,430.78479315194966
MULTI_BOUND_G,box,0,945,428.7926192509862
MULTI_BOUND_G,box,0,946,429.9269334720526
MULTI_BOUND_G,box,0,947,429.4141056190864
MULTI_BOUND_G,box,0,948,430.54382201775314
MULTI_BOUND_G,box,0,949,429.3292341891729
MULTI_BOUND_G,box,0,950,429.3653236988318
MULTI_BOUND_G,box,0,951,431.2541442318567
MULTI_BOUND_G,box,0,952,431.28620867017594
MULTI_BOUND_G,box,0,953,428.6098685019462
MULTI_BOUND_G,box,0,954,429.7434005478785
MULTI_BOUND_G,box,0,955,429.2317234423611
MULTI_BOUND_G,box,0,956,430.3604336238739
MULTI_BOUND_G,box,0,957,428.8410708240621
MULTI_BOUND_G,box,0,958,429.11236868417
MULTI_BOUND_G,box,0,959,426.59889277064985
MULTI_BOUND_G,box,0,960,427.82139854506124
MULTI_BOUND_G,box,0,961,427.11844425793436
MULTI_BOUND_G,box,0,962,430.7381180375253
MULTI_BOUND_G,box,0,963,428.3309791457408
MULTI_BOUND_G,box,0,964,430.99987027588094
MULTI_BOUND_G,box,0,965,426.9215023469582
MULTI_BOUND_G,box,0,966,428.1174756492404
MULTI_BOUND_G,box,0,967,429.98005877893723
MULTI_BOUND_G,box,0,968,427.4536782375551
MULTI_BOUND_G,box,0,969,430.2488227205502
MULTI_BOUND_G,box,0,970,428.64034132274423
MULTI_BOUND_G,box,0,971,431.8784683671945
MULTI_BOUND_G,box,0,972,432.1383860290098
MULTI_BOUND_G,box,0,973,426.5743558593746
MULTI_BOUND_G,box,0,974,429.46690405852223
MULTI_BOUND_G,box,0,975,427.80232443753573
MULTI_BOUND_G,box,0,976,429.71245310565354
MULTI_BOUND_G,box,0,977,427.0915347303706
MULTI_BOUND_G,box,0,978,428.30887187086944
MULTI_BOUND_G,box,0,979,431.38296167922977
MULTI_BOUND_G,box,0,980,431.6193221853807
MULTI_BOUND_G,box,0,981,426.886494155973
MULTI_BOUND_G,box,0,982,428.0869178936259
MULTI_BOUND_G,box,0,983,427.4170187726881
MULTI_BOUND_G,box,0,984,428.60750832067845
MULTI_BOUND_G,box,0,985,430.6023921366194
MULTI_BOUND_G,box,0,986,430.8464644494631
MULTI_BOUND_G,box,0,987,432.51892471838164
MULTI_BOUND_G,box,0,988,432.75448713369383
MULTI_BOUND_G,box,0,989,425.31141273031625
MULTI_BOUND_G,box,0,990,422.6141573701404
MULTI_BOUND_G,box,0,991,426.06553248804005
MULTI_BOUND_G,box,0,992,422.8176486265307
MULTI_BOUND_G,box,0,993,424.38666316195656
MULTI_BOUND_G,box,0,994,424.58670677179646
MULTI_BOUND_G,box,0,995,425.37582416380445
MULTI_BOUND_G,box,0,996,426.4936282481782
MULTI_BOUND_G,box,0,997,426.0009571513633
MULTI_BOUND_G,box,0,998,427.11578516712666
MULTI_BOUND_G,box,0,999,425.1762981864418
MULTI_BOUND_G,box,0,1000,426.3178191557744
MULTI_BOUND_G,box,0,1001,427.29234933032296
MULTI_BOUND_G,box,0,1002,428.3881082367178
MULTI_BOUND_G,box,0,1003,422.91244198438704
MULTI_BOUND_G,box,0,1004,427.7929414686837
MULTI_BOUND_G,box,0,1005,423.4104160303113
MULTI_BOUND_G,box,0,1006,427.1705493198995
MULTI_BOUND_G,box,0,1007,427.3812584835814
MULTI_BOUND_G,box,0,1008,422.9200031984657
MULTI_BOUND_G,box,0,1009,427.0515482128885
MULTI_BOUND_G,box,0,1010,423.4240365596797
MULTI_BOUND_G,box,0,1011,425.13741525616774
MULTI_BOUND_G,box,0,1012,426.29629276675155
MULTI_BOUND_G,box,0,1013,427.22789286438166
MULTI_BOUND_G,box,0,1014,428.34128998314344
MULTI_BOUND_G,box,0,1015,422.9605561259315
MULTI_BOUND_G,box,0,1016,427.86400101464335
MULTI_BOUND_G,box,0,1017,423.48147557627095
MULTI_BOUND_G,box,0,1018,427.2158248986655
MULTI_BOUND_G,box,0,1019,427.4265340623474
MULTI_BOUND_G,box,0,1020,422.9652787772317
MULTI_BOUND_G,box,0,1021,427.11903242707604
MULTI_BOUND_G,box,0,1022,423.4915207738672
MULTI_BOUND_G,box,0,1023,424.09529079517677
MULTI_BOUND_G,box,0,1024,424.31659555970054
MULTI_BOUND_G,box,0,1025,425.8437780015843
MULTI_BOUND_G,box,0,1026,426.06221810864633
MULTI_BOUND_G,box,0,1027,427.3217467846292
MULTI_BOUND_G,box,0,1028,428.44063343339263
MULTI_BOUND_G,box,0,1029,427.9465140458533
MULTI_BOUND_G,box,0,1030,429.0625441824655
MULTI_BOUND_G,box,0,1031,423.1994964494008
MULTI_BOUND_G,box,0,1032,423.409785332125
MULTI_BOUND_G,box,0,1033,424.96399568395793
MULTI_BOUND_G,box,0,1034,425.1702602088783
MULTI_BOUND_G,box,0,1035,426.59096969823383
MULTI_BOUND_G,box,0,1036,427.72899310198756
MULTI_BOUND_G,box,0,1037,427.21066480869257
MULTI_BOUND_G,box,0,1038,428.34518745965244
MULTI_BOUND_G,box,0,1039,427.05250647212995
MULTI_BOUND_G,box,0,1040,428.1998071625087
MULTI_BOUND_G,box,0,1041,429.15946096155665
MULTI_BOUND_G,box,0,1042,430.26178929287437
MULTI_BOUND_G,box,0,1043,424.81326789582874
MULTI_BOUND_G,box,0,1044,425.31562047758763
MULTI_BOUND_G,box,0,1045,424.820296594283
MULTI_BOUND_G,box,0,1046,425.3286627964033
MULTI_BOUND_G,box,0,1047,427.0141697246039
MULTI_BOUND_G,box,0,1048,428.17781052658006
MULTI_BOUND_G,box,0,1049,429.09624950706836
MULTI_BOUND_G,box,0,1050,430.21522454214136
MULTI_BOUND_G,box,0,1051,424.85656141722853
MULTI_BOUND_G,box,0,1052,425.38113470002077
MULTI_BOUND_G,box,0,1053,424.8606999788813
MULTI_BOUND_G,box,0,1054,425.3905968945344
MULTI_BOUND_G,box,0,1055,424.6480598481942
MULTI_BOUND_G,box,0,1056,424.8764074826916
MULTI_BOUND_G,box,0,1057,426.3872958647048
MULTI_BOUND_G,box,0,1058,426.6123046824886
MULTI_BOUND_G,box,0,1059,428.4945214992899
MULTI_BOUND_G,box,0,1060,429.6330372524187
MULTI_BOUND_G,box,0,1061,429.11397340878966
MULTI_BOUND_G,box,0,1062,430.2491383571028
MULTI_BOUND_G,box,0,1063,427.32703001878826
MULTI_BOUND_G,box,0,1064,422.6522153089908
MULTI_BOUND_G,box,0,1065,423.68063259921666
MULTI_BOUND_G,box,0,1066,424.48643465757334
MULTI_BOUND_G,box,0,1067,424.4600116879431
MULTI_BOUND_G,box,0,1068,424.18679556725925
MULTI_BOUND_G,box,0,1069,426.34284287268883
MULTI_BOUND_G,box,0,1070,426.3187915597857
MULTI_BOUND_G,box,0,1071,422.73394767367705
MULTI_BOUND_G,box,0,1072,432.28553555160573
MULTI_BOUND_G,box,0,1073,427.9341608078745
MULTI_BOUND_G,box,0,1074,423.259346098077
MULTI_BOUND_G,box,0,1075,424.334219837156
MULTI_BOUND_G,box,0,1076,425.64567450775087
MULTI_BOUND_G,box,0,1077,425.6167176196257
MULTI_BOUND_G,box,0,1078,424.82303118539545
MULTI_BOUND_G,box,0,1079,427.50344509766046
MULTI_BOUND_G,box,0,1080,427.477559208217
MULTI_BOUND_G,box,0,1081,431.49633267728615
MULTI_BOUND_G,box,0,1082,427.29923122689274
MULTI_BOUND_G,box,0,1083,422.62441651709526
MULTI_BOUND_G,box,0,1084,423.66419942883573
MULTI_BOUND_G,box,0,1085,425.1071093980935
MULTI_BOUND_G,box,0,1086,424.1658076280144
MULTI_BOUND_G,box,0,1087,425.0549376154867
MULTI_BOUND_G,box,0,1088,426.98252802045346
MULTI_BOUND_G,box,0,1089,426.9330849753456
MULTI_BOUND_G,box,0,1090,422.7110903577599
MULTI_BOUND_G,box,0,1091,431.5108639533219
MULTI_BOUND_G,box,0,1092,427.9065521045962
MULTI_BOUND_G,box,0,1093,423.2317373947987
MULTI_BOUND_G,box,0,1094,424.32031397561923
MULTI_BOUND_G,box,0,1095,424.8033733722752
MULTI_BOUND_G,box,0,1096,426.26085889389947
MULTI_BOUND_G,box,0,1097,426.207210377005
MULTI_BOUND_G,box,0,1098,428.1367524773141
MULTI_BOUND_G,box,0,1099,428.08651134136744
